id,domain,status,purchase_price,renewal_price,attractiveness,demand,length,registrar,created_at,expires_at,status_verified_at
9bb399e8-3e49-4b6c-93af-85b5b6c59a3d,daily.phd,premium,843.7,843.7,high,medium,5,namecheap,,,24/09/2026 04:21
9017c8cb-6e78-4feb-ab55-5f245ad2630e,heralded.phd,available,25.98,29.98,medium,low,8,namecheap,,,21/08/2026 06:51
365dcb17-8418-4adf-b991-e04c70fe5818,rembrandt.phd,available,27,,high,low,9,unstoppable,,,28/09/2026 15:14
8d9b4b59-773b-4735-873a-d6b08fd8aa5a,rumors.phd,available,25.98,29.98,medium,low,6,namecheap,,,27/09/2026 09:37
652a9d1c-8885-475e-9d48-86b29e91ed73,titanic.phd,premium,111.25,111.25,high,low,7,name.com,,,11/09/2026 16:30
3ef3d4d3-d507-4d17-a5dc-e4cff423fdb3,iphone.phd,available,21.11,21.11,high,high,6,porkbun,,,29/09/2026 02:15
d3f3b4a1-f88c-4330-8c92-d7cd5b551257,arguer.phd,available,25.98,29.98,medium,low,6,namecheap,,,20/09/2026 04:46
a09ff931-6f07-487a-914c-74616aecc454,stu.phd,premium,,,high,low,3,,,,29/09/2026 03:33
e2a60a6e-b19a-4c99-9391-4737e1f7f045,stepwise.phd,available,25.98,29.98,high,low,8,namecheap,,,10/08/2026 07:12
fc962c7f-a34d-441f-b824-ba178b2bf3a1,devout.phd,available,25.98,29.98,high,low,6,namecheap,,,14/08/2026 05:17
245dfd86-0354-4cc3-b7cf-c4ef8e97c19c,blocks.phd,premium,206.7,206.7,high,low,6,namecheap,,,17/09/2026 21:52
1cddcfb2-50fc-40e7-9ab0-852b3ec859d9,tennyson.phd,available,25.98,29.98,medium,low,8,namecheap,,,18/09/2026 06:38
93db95ae-eced-4d8f-b714-7eaac5e11623,lank.phd,available,25.98,29.98,medium,low,4,namecheap,,,22/08/2026 19:32
82e1a6f2-23c6-4761-af36-9374fcb99d38,pigeon.phd,premium,97.68,97.68,high,low,6,porkbun,,,28/09/2026 02:55
db9a5c2e-402c-46ce-af39-a930cc32b3f4,buzzing.phd,available,25.98,29.98,high,low,7,namecheap,,,
4149a210-3ffa-41aa-a594-558c676f8178,muscular.phd,available,25.98,29.98,high,low,8,namecheap,,,11/08/2026 02:50
dff4088d-f1b1-4fd0-b2a4-79d8eeeb39d8,bandeau.phd,available,25.98,29.98,medium,low,7,namecheap,,,22/09/2026 01:04
3775c40d-6cd1-4e73-9e39-5cfb51a3622d,chicness.phd,available,25.98,29.98,medium,low,8,namecheap,,,12/08/2026 04:44
74ab6f7e-3cad-42d8-9a8c-630435f47431,dvorak.phd,available,25.98,29.98,medium,low,6,namecheap,,,19/09/2026 15:32
e0e17ab1-8c0e-4800-b8a0-c71b236fd567,groningen.phd,available,20.84,20.84,medium,low,9,spaceship,,,29/09/2026 03:44
19334517-c83a-4d50-b376-8a9b327a1327,manila.phd,premium,111.25,,high,low,6,name.com,,,
519b518c-0a2d-4c6a-a405-2bc7daf4a066,audibly.phd,available,25.98,29.98,medium,low,7,namecheap,,,13/09/2026 22:44
0532263b-7003-4017-ad9c-144fb2213fe6,falkland.phd,available,20.84,20.84,medium,low,8,spaceship,,,28/09/2026 12:09
ac7ae39d-dc0a-4ffc-9572-a86cd75ed409,teenager.phd,premium,115.7,115.7,high,low,8,namecheap,,,21/09/2026 19:08
3a9021d1-a539-4716-802a-59bea974dc1c,reigning.phd,available,25.98,29.98,high,medium,8,namecheap,,,09/09/2026 12:57
d3d6bdb8-361c-4c06-aa15-13b5df38fb97,disposition.phd,available,27,,high,low,11,unstoppable,,,29/09/2026 02:57
9061bb68-d284-4d60-86e9-516090a29750,prayed.phd,available,25.98,29.98,medium,low,6,namecheap,,,18/09/2026 02:41
db165c78-e7f7-4768-b383-ed47e4e37bca,parentally.phd,available,25.98,29.98,medium,low,10,namecheap,,,15/09/2026 18:57
261cca09-1b10-4735-9808-0ae9dc1a8e38,elementary.phd,premium,198.75,198.75,high,low,10,name.com,,,16/08/2026 03:31
ebf638c8-75c3-42c3-b6ed-2e3c827d64d9,gorge.phd,available,25.98,29.98,medium,low,5,namecheap,,,23/09/2026 17:20
d0e09952-91dd-41c8-ac8e-5692f4dbbb9b,desire.phd,premium,427.7,427.7,high,low,6,namecheap,,,19/09/2026 18:10
d54ebbb6-78ce-475e-a3b1-f9bd47687eae,swishing.phd,available,25.98,29.98,high,low,8,namecheap,,,18/09/2026 03:16
a5be05f1-f6e8-48ec-88e0-59f552bf8329,barleycorn.phd,available,25.98,29.98,medium,low,10,namecheap,,,22/09/2026 06:31
1d3c1856-3cbf-465d-be76-21ef41338598,desolation.phd,available,26.99,37.99,medium,low,10,name.com,,,22/09/2026 05:24
be57694a-13c2-42b5-90fb-fe930a72cda6,winsome.phd,available,25.98,29.98,high,low,7,namecheap,,,13/09/2026 12:37
370cabf0-0316-448e-956a-94ae196ac65d,cylinder.phd,available,20.84,20.84,high,low,8,spaceship,,,29/09/2026 00:34
51e8f8ad-3f25-495f-92e8-9ec69259e6e5,congestion.phd,available,26.99,,high,low,10,name.com,,,
18c18c29-ab13-4879-a9d9-1510382cbf25,beard.phd,premium,115.7,115.7,high,low,5,namecheap,,,22/09/2026 21:01
fb06b0ff-d497-484c-a6ed-5f9c76d1f07c,inexorable.phd,available,25.98,29.98,medium,low,10,namecheap,,,
7569b482-2711-40fa-9ad1-514eee390c2e,paprika.phd,premium,61.25,61.25,high,low,7,name.com,,,23/09/2026 05:39
15e87726-29da-4fda-89fa-445126131f3c,chips.phd,premium,198.75,,high,low,5,name.com,,,
bb39c0db-33b1-4673-bff6-e1636292a45c,ashlar.phd,available,25.98,29.98,high,low,6,namecheap,,,20/09/2026 13:55
23b0931a-42e0-445b-90a7-04339c47b2f0,reticent.phd,available,20.84,20.84,medium,low,8,spaceship,,,27/09/2026 12:59
bcde6c72-8d07-449d-bd3b-3ca43e621380,toon.phd,premium,63.7,63.7,high,low,4,namecheap,,,19/09/2026 09:01
59a8b07d-4541-4811-9521-f2db9e074b6b,prosecution.phd,available,26.99,,high,low,11,name.com,,,
ee118892-ffa4-4764-a7fc-5668502cd294,evident.phd,premium,61.25,61.25,high,low,7,name.com,,,06/08/2026 05:13
6f35d8b6-77e4-477a-8740-58a0212aba70,gallatin.phd,available,20.2,20.2,medium,low,8,cloudflare,,,28/09/2026 22:22
d969b576-06cb-4cd8-842f-5de9e9ef78bc,professor.phd,premium,198.75,,high,low,9,name.com,,,
0dd3c54e-6fe4-4fc3-9ab6-c8a50442f175,pally.phd,available,25.98,29.98,high,low,5,namecheap,,,12/08/2026 07:42
aca6658d-d294-4596-a68d-0b8971d88c1e,analyzable.phd,available,25.98,29.98,medium,low,10,namecheap,,,
9dce0b24-c5cf-4373-9e50-9c37fc735b55,airdock.phd,available,25.98,29.98,medium,low,7,namecheap,,,17/09/2026 23:04
f0062337-5749-4f96-8ac2-c4fd3835c9df,hemp.phd,premium,198.75,198.75,high,low,4,name.com,,,24/09/2026 12:04
be3a78c6-fcf9-4662-abfa-aa9a2bb89a8e,tre.phd,premium,340.72,340.72,high,low,3,spaceship,,,29/09/2026 02:48
8ba2a413-4f60-467e-a5cd-26b95c19af46,judith.phd,premium,50.92,50.92,high,low,6,spaceship,,,28/09/2026 05:18
ef91cded-88cc-430e-b684-1a5b58a0dad0,cliche.phd,available,25.98,29.98,high,low,6,namecheap,,,23/09/2026 16:07
fba51114-46f6-4925-9132-20423a8c4cb3,evergreen.phd,premium,111.25,111.25,high,low,9,name.com,,,17/08/2026 14:53
c825b1cb-6ce7-4e41-942f-65207119df04,sentential.phd,available,25.98,29.98,medium,low,10,namecheap,,,10/09/2026 03:50
3a260946-8ba9-4fa8-91d0-e5f3b362b520,highlighting.phd,available,26.99,,high,low,12,name.com,,,
7d2f4db2-efe9-4520-a09f-e43a27d2b2b7,pigheaded.phd,available,25.98,29.98,medium,low,9,namecheap,,,11/08/2026 08:32
f5035272-d30b-4c3c-a46e-e95f8a4fd80b,condiment.phd,available,26.99,,high,low,9,name.com,,,
e3806021-c8d4-4973-a9eb-ad3d8b20ba80,flower.phd,premium,843.7,843.7,high,low,6,namecheap,,,24/09/2026 20:16
dcbd906e-2fc2-4863-82b5-40d232fbc331,chancy.phd,available,25.98,29.98,medium,low,6,namecheap,,,12/08/2026 01:41
ad759592-3a5b-4c8c-9a33-a3f69a0d6c88,persisted.phd,available,25.98,29.98,medium,low,9,namecheap,,,18/09/2026 08:42
9c9be962-bc10-4b8d-a632-e8cf4364af93,anticancer.phd,available,25.98,29.98,high,low,10,namecheap,,,22/09/2026 06:38
14106b48-14a3-483f-8e04-61d653398ad5,twaddle.phd,available,25.98,29.98,medium,low,7,namecheap,,,21/09/2026 23:55
7c32af8f-6b11-4c28-998a-fecd91faccbd,mastered.phd,available,25.98,29.98,high,low,8,namecheap,,,14/08/2026 17:35
2d9d4922-f8d6-45c2-b447-da63f76460c8,tomato.phd,premium,198.75,,high,low,6,name.com,,,
4826aa5f-29ab-479f-a6c0-f582c422d787,sony.phd,available,26.99,,high,medium,4,name.com,,,
e1c8eda2-d6a3-4739-a9db-5c7d97b7ca14,actuator.phd,available,25.98,29.98,medium,low,8,namecheap,,,17/09/2026 05:24
d52cbdd0-f913-4cd4-afb4-06dfd5581089,jiang.phd,premium,63.7,63.7,high,low,5,namecheap,,,27/09/2026 08:14
118cca19-b976-45ea-b79a-1049282feeb5,merciful.phd,available,25.98,29.98,high,low,8,namecheap,,,24/08/2026 20:34
94677b44-90bf-41b6-b7a4-128ade41cb32,possible.phd,premium,206.7,206.7,high,low,8,namecheap,,,27/09/2026 04:44
9a45395a-a410-424a-aa5f-eeb5160f30eb,aventail.phd,available,25.98,29.98,medium,low,8,namecheap,,,21/09/2026 09:05
8f68dc92-83dc-488e-b7fe-cf6b4fcd80b3,selling.phd,premium,427.7,427.7,high,low,7,namecheap,,,25/09/2026 09:15
18dad371-2b98-4a7f-b01c-a521ef9930fc,outdoorsy.phd,available,25.98,29.98,high,low,9,namecheap,,,04/09/2026 19:14
b35f9f89-39a1-4796-bcf8-8ab16578ace9,quack.phd,available,25.98,29.98,high,low,5,namecheap,,,09/09/2026 07:16
6fe8ed9e-1e29-4cdf-b499-868e1829acae,top.phd,premium,1688.7,1688.7,high,medium,3,namecheap,,,25/09/2026 19:45
42dfbf65-60b4-4470-b112-8d3c705ca830,appeal.phd,premium,63.7,63.7,high,low,6,namecheap,,,28/09/2026 21:53
90a82b93-5562-4853-98d5-e78998d80f69,babinski.phd,available,25.98,29.98,medium,low,8,namecheap,,,21/09/2026 12:44
fe863ed7-6737-49d0-9be7-17ab4646f9e8,neighboring.phd,available,26.99,,high,low,11,name.com,,,
426e7650-879e-4e66-a755-0fdb9f9b7973,flagfish.phd,available,25.98,29.98,medium,low,8,namecheap,,,18/09/2026 19:58
f2e4282e-3caa-457e-b497-5652074c6655,bitmap.phd,available,25.98,29.98,high,low,6,namecheap,,,23/09/2026 22:40
5ff89b6e-25b7-40ff-b8b0-3b833e988585,moneyless.phd,available,25.98,29.98,medium,low,9,namecheap,,,25/08/2026 04:43
aeb9891a-f995-4661-a5bd-331c458d47d3,november.phd,premium,198.75,,high,low,8,name.com,,,
0a92c00f-8092-4e9b-a47b-ab04fdb69c1d,ferguson.phd,premium,63.7,63.7,high,low,8,namecheap,,,25/09/2026 17:55
e019bfd6-a48a-49a2-a561-94ceeba55899,fizzle.phd,available,25.98,29.98,medium,low,6,namecheap,,,11/08/2026 11:19
7d8e9842-607a-4363-952f-9550b5326e01,devotional.phd,available,25.98,29.98,high,low,10,namecheap,,,14/08/2026 05:15
fe0191ea-4b93-4fc2-a973-0ce320e43472,bifurcated.phd,available,25.98,29.98,medium,low,10,namecheap,,,09/08/2026 20:24
f6472a7d-6dd7-42a2-97bd-6905f685dbbf,dishonesty.phd,available,26.99,,medium,low,10,name.com,,,
8cb418b3-c5f2-406d-9f19-b6ee065cedf7,handwriting.phd,available,25.98,29.98,medium,low,11,namecheap,,,28/09/2026 12:30
c953c6e7-115d-4228-a02e-05b148d6325f,puissant.phd,available,25.98,29.98,medium,low,8,namecheap,,,09/09/2026 05:53
529f4563-98f4-485d-be0a-be11ab655fb2,gibbs.phd,available,25.98,29.98,high,low,5,namecheap,,,25/09/2026 06:33
fa7d7b5b-0b9f-4ddc-ae4f-2099f029d7a2,lissom.phd,available,25.98,29.98,medium,low,6,namecheap,,,23/08/2026 23:41
df489a51-56dd-4108-807a-323e2a91f7fa,shallot.phd,available,25.98,29.98,medium,low,7,namecheap,,,18/09/2026 11:16
75cc79a8-ac92-4c1e-9c24-757524712259,associated.phd,premium,54.02,54.02,medium,low,10,porkbun,,,28/09/2026 08:17
44bca96f-ba50-490f-953f-5a0b54941060,jungle.phd,premium,427.7,427.7,high,low,6,namecheap,,,25/09/2026 07:25
43c064bd-8265-4096-87df-737f2d230412,wifely.phd,available,25.98,29.98,medium,low,6,namecheap,,,13/09/2026 00:27
77839dbe-2455-4f39-aeeb-4c012ebdf622,mumbai.phd,premium,329.2,,medium,low,6,unstoppable,,,29/09/2026 00:13
a6cbebb1-2585-451b-8258-eb6fd25e9446,conceptive.phd,available,25.98,29.98,medium,low,10,namecheap,,,12/08/2026 20:03
eff73d99-ff0a-4124-a68f-8bdf0f712fc6,emulator.phd,available,25.98,29.98,medium,low,8,namecheap,,,19/09/2026 16:28
4f14675b-e1e9-4aa3-a9d1-a278372a6775,anunnaki.phd,available,25.98,29.98,medium,low,8,namecheap,,,19/09/2026 15:51
1c8d7d5a-2b39-449f-a738-9cf2b21d77f2,charlie.phd,premium,206.7,206.7,high,medium,7,namecheap,,,25/09/2026 18:14
990f2007-2576-4a3f-9a46-0b128df206c8,picky.phd,available,25.98,29.98,high,low,5,namecheap,,,18/08/2026 05:00
ffe9718f-4d84-44e6-bfe4-d74fe7da73e2,dipylon.phd,available,25.98,29.98,medium,low,7,namecheap,,,14/08/2026 08:43
29bc1356-3933-4925-acd7-58217c697cf3,homeland.phd,premium,63.7,63.7,medium,low,8,namecheap,,,28/09/2026 09:28
98df8a66-1364-49a0-8c17-aabd93faa1cf,peeled.phd,available,25.98,29.98,medium,low,6,namecheap,,,08/08/2026 18:24
8c6a4ebf-70dc-4732-97b3-97d5fed0a1ba,skating.phd,premium,,,high,low,7,,,,28/09/2026 03:06
3e7f7d8d-678a-4e39-b89a-584a8983f4ba,beatrice.phd,available,25.98,29.98,high,low,8,namecheap,,,22/09/2026 21:46
05879685-5dbc-4aff-8646-3b5f327b7e7b,accuse.phd,available,20.84,20.84,medium,low,6,spaceship,,,29/09/2026 02:41
7621d706-17d2-48fd-8c18-08627da70992,pinkish.phd,available,25.98,29.98,high,medium,7,namecheap,,,08/09/2026 19:46
ae327979-c724-438c-93b1-b77000d45e66,terse.phd,available,25.98,29.98,medium,low,5,namecheap,,,22/08/2026 18:16
79bab8c5-e6eb-43b1-b926-a42c0012a51c,philippines.phd,available,,,high,high,11,,,,
8db19a52-505c-45d8-9cfc-464819a7b062,gainfully.phd,available,25.98,29.98,medium,low,9,namecheap,,,14/09/2026 20:58
bfb439f0-9554-4f61-8ea4-bcd405001001,psychologist.phd,available,,,high,low,12,,,,
1014120c-1d18-4b3b-bbf7-67c1970ef5ae,convertible.phd,available,20.84,20.84,medium,low,11,spaceship,,,28/09/2026 15:45
0284c1fd-81ac-42de-a7f1-f2f52eb7a8b8,worried.phd,available,25.98,29.98,high,low,7,namecheap,,,24/09/2026 11:23
74f4ed91-083a-45a7-95eb-24ce7e07cb6f,harmful.phd,available,25.98,29.98,medium,low,7,namecheap,,,08/09/2026 09:32
a538d40b-7ef3-48f0-a5f6-b3105540c368,finished.phd,available,25.98,29.98,high,low,8,namecheap,,,24/09/2026 18:27
a0c75b7a-d8a6-42aa-b5d6-0f1d64a742f0,useless.phd,premium,50.92,50.92,medium,low,7,spaceship,,,28/09/2026 10:02
82a037f1-5e0e-4a7c-88ce-05296eb11b56,scissors.phd,available,25.98,29.98,high,low,8,namecheap,,,28/09/2026 20:05
09949fe8-f5da-4ef6-8b1f-7eaf16e52360,difficulty.phd,available,26.99,,high,low,10,name.com,,,
730425e5-8643-41a3-9d33-2006db7bb223,jim.phd,premium,811.25,811.25,high,low,3,name.com,,,
f1dde892-5aff-4060-b5de-c2ca06af10de,humorless.phd,available,25.98,29.98,medium,low,9,namecheap,,,21/08/2026 15:23
d3015921-bad7-4d4f-b266-4f7bea3c1753,flew.phd,available,26.99,,high,low,4,name.com,,,
8f1deadf-f4fe-478c-8ce7-6d37391169b0,codes.phd,premium,411.25,,high,low,5,name.com,,,
50333ac0-790d-4a9b-972c-3313cdc327ea,preteen.phd,available,25.98,29.98,high,medium,7,namecheap,,,09/09/2026 01:08
0d4a4827-4408-462e-a52d-20a4e8adbaa7,ass.phd,premium,811.25,811.25,high,low,3,name.com,,,09/08/2026 12:05
10c41a2b-9a2c-4a03-887a-3067cd1709fe,shareholders.phd,available,25.98,29.98,medium,low,12,namecheap,,,17/09/2026 15:53
7fe28e04-12e8-4d7c-b239-8d7a806996d3,navigator.phd,premium,50.92,50.92,high,medium,9,spaceship,,,28/09/2026 19:58
f7443afa-3fd7-488c-a8fc-c0052ec0d371,badge.phd,premium,115.7,115.7,high,low,5,namecheap,,,19/09/2026 15:56
b60de142-e065-47d5-ad3b-403dd17779ec,scandent.phd,available,25.98,29.98,medium,low,8,namecheap,,,09/09/2026 22:32
64a7d2ae-2ef6-4379-a628-3d15f0ab311a,sami.phd,premium,115.7,115.7,high,medium,4,namecheap,,,09/09/2026 21:06
b5794f75-6262-470f-aac8-dc1d60cc6264,substitution.phd,available,26.99,,high,low,12,name.com,,,
ae3b376e-bbcf-4bd1-99bc-e385b4ff0924,wrongful.phd,available,20.84,20.84,medium,low,8,spaceship,,,28/09/2026 11:11
499a1ff9-6fea-480f-b708-09df6acd13d5,imply.phd,available,25.98,29.98,high,low,5,namecheap,,,29/09/2026 00:48
f92a222c-35f7-4856-8749-f33a894687eb,reported.phd,available,20.84,20.84,high,low,8,spaceship,,,27/09/2026 11:56
c309d977-b018-4a9b-a973-f24ed9cc7443,avionics.phd,available,25.98,29.98,high,low,8,namecheap,,,21/09/2026 09:35
9bd4fde0-00b0-4359-addb-19055a3a5c08,scars.phd,available,25.98,29.98,medium,low,5,namecheap,,,20/09/2026 11:02
fecc2478-c44e-4c95-9b70-3decfa6b12fe,atrophy.phd,available,25.98,29.98,high,low,7,namecheap,,,13/09/2026 12:50
1421071a-f344-4331-805f-abfdc9f5e93b,stagey.phd,available,25.98,29.98,medium,low,6,namecheap,,,10/09/2026 18:06
d29d43ac-4fdb-4ae7-8d1c-138ebab45900,credulous.phd,available,25.98,29.98,medium,low,9,namecheap,,,13/08/2026 05:56
8fae55b8-19ec-47f4-ac86-5fcdc5275f64,dairy.phd,premium,92.32,92.32,high,low,5,spaceship,,,28/09/2026 22:44
652ea2b7-ddb3-456a-bf6c-df8a253d969e,unaged.phd,available,25.98,29.98,medium,low,6,namecheap,,,12/09/2026 00:11
ffe8419b-89c0-4fa1-ba28-aa082bff178e,stacey.phd,premium,49.2,,medium,low,6,unstoppable,,,28/09/2026 07:44
9e663c04-3613-4d94-be01-7f922d6e1494,talismanic.phd,available,25.98,29.98,medium,low,10,namecheap,,,11/09/2026 07:30
e0056888-8742-41b4-a2c7-580a13715712,missed.phd,premium,61.25,61.25,medium,low,6,name.com,,,25/08/2026 01:45
1e00960b-5f69-4600-8610-0d5a09204c4b,seat.phd,premium,411.25,411.25,medium,low,4,name.com,,,09/08/2026 11:32
53da8a6c-a88c-4dd7-af01-1982a2d61e9d,chivalrous.phd,available,25.98,29.98,high,low,10,namecheap,,,12/08/2026 06:14
d63fad4e-70e8-4d1d-af05-9ba3022e3058,westward.phd,available,25.98,29.98,medium,low,8,namecheap,,,13/09/2026 10:55
bb9a74d1-14d6-4129-a4fe-8e675fb445f6,shopworn.phd,available,25.98,29.98,medium,low,8,namecheap,,,08/08/2026 11:06
82cd0d9c-fbc1-4d47-a8fc-eac0d408c8e2,assaulter.phd,available,25.98,29.98,medium,low,9,namecheap,,,17/09/2026 17:42
57edae92-46c3-438c-a44b-38c725cfe4af,blaring.phd,available,25.98,29.98,medium,low,7,namecheap,,,10/08/2026 13:08
a96311ab-2b70-4dc8-b085-483b23ce0c1b,spartacus.phd,available,26.99,,high,low,9,name.com,,,
28113b4d-228d-4afa-a604-da1bd3c96aeb,bindery.phd,available,25.98,29.98,medium,low,7,namecheap,,,23/09/2026 17:11
b8a47d2e-4131-4980-befb-338d0f36aa63,hubbub.phd,available,25.98,29.98,high,low,6,namecheap,,,24/09/2026 10:52
8ccd1499-c47a-4014-8b8b-bd8138ee488c,impressive.phd,premium,61.25,61.25,high,low,10,name.com,,,21/08/2026 23:04
a5ab0f31-9d45-4c5d-bf50-4a3b76123084,iraqi.phd,available,25.98,29.98,high,low,5,namecheap,,,22/08/2026 09:35
e05c7c84-d914-4787-b50c-c11d6f42b7e3,globular.phd,available,25.98,29.98,high,low,8,namecheap,,,08/08/2026 10:06
218dbfb7-8b55-404a-9892-ed9f1d76dac7,daunting.phd,available,26.99,37.99,medium,low,8,name.com,,,13/08/2026 18:48
27693b58-1faf-47f5-a807-ebafd13920b8,sewn.phd,available,25.98,29.98,medium,low,4,namecheap,,,10/09/2026 05:07
e1bdd4e3-9a2b-4079-9080-8a319effe742,hugely.phd,available,25.98,29.98,medium,low,6,namecheap,,,14/09/2026 15:49
04e3787a-8edd-4709-99a2-afb9d59cedb8,cash.phd,premium,843.7,843.7,high,medium,4,namecheap,,,25/09/2026 04:05
b0debc64-ccb0-4c1d-a48c-6e8098f2b050,gown.phd,premium,97.68,97.68,high,low,4,porkbun,,,28/09/2026 05:51
28eddcf3-fe88-4cfd-9305-845dd9c3d3be,uncordial.phd,available,25.98,29.98,medium,low,9,namecheap,,,12/09/2026 06:13
7e7537e4-767a-46fe-822f-949dabc253e7,jackets.phd,premium,174.1,174.1,medium,low,7,porkbun,,,28/09/2026 18:08
5fa7f22a-e2a2-4a11-8e9f-07260d575f47,employment.phd,premium,198.75,,high,low,10,name.com,,,
b7f140fe-3ab2-4889-9fca-33d7ef30c429,twins.phd,premium,115.7,115.7,high,medium,5,namecheap,,,25/09/2026 06:26
ae3e1874-afc7-4265-ac9e-bed11db7ecb2,rejection.phd,available,26.99,,medium,low,9,name.com,,,
108542a9-6b05-4837-b097-bc66845dcb15,stoker.phd,available,25.98,29.98,medium,low,6,namecheap,,,16/09/2026 16:53
691c41f5-9d59-4339-829e-47135daaa2b4,dimly.phd,available,25.98,29.98,medium,low,5,namecheap,,,14/09/2026 12:45
699005bf-0ce4-4026-92a8-8acda3402e74,dappled.phd,available,26.99,37.99,medium,low,7,name.com,,,13/08/2026 17:39
42e74c00-03f9-4ed0-9aa6-da7ad7c0a565,untamed.phd,available,25.98,29.98,medium,low,7,namecheap,,,12/09/2026 20:55
2b256753-4f23-46ac-93a0-8648de7fc284,draws.phd,available,25.98,29.98,high,low,5,namecheap,,,
5d0a9e20-f291-44c5-b8f8-2a867c4910be,proper.phd,premium,206.7,206.7,high,low,6,namecheap,,,27/09/2026 07:40
c413eb3d-c8c9-49b2-b4d4-6b807f1f319a,disparity.phd,available,26.99,,medium,low,9,name.com,,,
493fa780-ee3e-41b7-8e4f-576974ade91c,bahasa.phd,available,25.98,29.98,medium,low,6,namecheap,,,21/09/2026 18:41
be267b88-6c5d-4b76-a4fd-e257b3924e7b,electric.phd,premium,411.25,411.25,high,low,8,name.com,,,24/09/2026 13:44
051f7b08-56e7-434a-9240-b870b8d7cb31,dispersed.phd,available,25.98,29.98,medium,low,9,namecheap,,,14/08/2026 11:56
36bdf791-1074-4fec-a069-dccf1793e3c6,rimmed.phd,available,25.98,29.98,medium,low,6,namecheap,,,09/09/2026 17:45
f0a5aea9-661d-40f6-8ee3-b1ecaa01a570,devastating.phd,available,20.2,20.2,medium,low,11,cloudflare,,,28/09/2026 11:24
e45ffa05-8ab3-4de7-8532-9e52b9d1ef3f,extent.phd,premium,115.7,115.7,high,low,6,namecheap,,,28/09/2026 05:39
3d3dd495-cdd5-466a-aeb3-ef3e16c38dc1,malaysian.phd,available,25.98,29.98,high,low,9,namecheap,,,24/08/2026 13:46
0a5a0ca4-9153-461a-b856-a40126540c9b,betel.phd,available,25.98,29.98,medium,low,5,namecheap,,,23/09/2026 11:05
55d494cb-535a-4755-a2d8-ab02b0132692,calming.phd,available,25.98,29.98,high,low,7,namecheap,,,19/09/2026 20:28
6cfc4f77-52b7-453a-a85a-c5871c8c8fd3,eyepiece.phd,available,25.98,29.98,medium,low,8,namecheap,,,04/09/2026 00:46
64a0e4c5-1138-4774-990d-b8bea733a72a,smarmy.phd,available,25.98,29.98,medium,low,6,namecheap,,,11/08/2026 11:46
829df188-b41a-453e-a938-7c0d9919852f,okra.phd,available,25.98,29.98,high,low,4,namecheap,,,16/09/2026 15:04
90615c69-499b-449b-9708-9cb322527f32,aniline.phd,available,25.98,29.98,high,low,7,namecheap,,,18/09/2026 21:45
e12a2b11-7962-4716-9d17-0103ff0435e4,washing.phd,premium,61.25,,high,low,7,name.com,,,
f428a239-a6c8-48d3-b572-526d48e82311,nina.phd,premium,427.7,427.7,high,low,4,namecheap,,,25/09/2026 09:36
715ae12a-a709-4dab-8b9d-b1faebac260e,jackfruit.phd,available,26.99,37.99,high,low,9,name.com,,,20/09/2026 11:58
86fcbd48-02b6-4ba4-b140-de7b20672595,unitedly.phd,available,25.98,29.98,medium,low,8,namecheap,,,16/09/2026 10:08
60c90f47-3eaf-45b6-9416-529855442423,unfretted.phd,available,25.98,29.98,medium,low,9,namecheap,,,12/09/2026 10:45
caae721c-5c00-4ea4-a94f-c3f5e1447ee8,splattered.phd,available,26.99,37.99,medium,low,10,name.com,,,13/08/2026 15:21
cc32e94a-a037-4c2d-8e3a-dc36f5f47def,upc.phd,premium,111.25,,high,low,3,name.com,,,
1a3edafa-f502-43b7-a39f-6379d987a1f4,regionally.phd,available,25.98,29.98,medium,low,10,namecheap,,,15/09/2026 22:57
89bd242c-0e3c-460a-9ff1-200263e43f0c,acrobat.phd,available,25.98,29.98,high,medium,7,namecheap,,,17/09/2026 03:17
d9f93032-eb9a-4c49-ab07-ae46e99cd682,apsis.phd,available,25.98,29.98,medium,low,5,namecheap,,,19/09/2026 22:40
2b46266f-6404-4cb3-8abb-3a9c769a3a20,liqueur.phd,available,25.98,29.98,high,low,7,namecheap,,,13/08/2026 01:02
1f0dd0e1-8d49-44df-83a4-56128518415d,kilkenny.phd,available,20.2,20.2,medium,low,8,cloudflare,,,29/09/2026 03:59
4a1c52a3-0974-41ba-9c0a-e68f06f0b90c,banksia.phd,available,25.98,29.98,high,low,7,namecheap,,,22/09/2026 02:53
66844473-4527-4dc7-ba00-26792d0b2068,weaned.phd,available,25.98,29.98,medium,low,6,namecheap,,,13/09/2026 08:53
e78f27d9-2a37-49a0-b399-051344bed4ae,leftist.phd,available,25.98,29.98,medium,low,7,namecheap,,,12/08/2026 17:05
3cdf26d2-4eb5-4831-adaa-6c1706a7c30c,bce.phd,premium,111.25,,medium,low,3,name.com,,,28/09/2026 13:14
869bd8a5-844f-4ee0-9e83-ce68986ebf82,activeness.phd,available,25.98,29.98,medium,low,10,namecheap,,,17/09/2026 05:11
940a9991-0512-4bc6-af1e-87371f28adea,eviction.phd,available,25.98,29.98,high,low,8,namecheap,,,24/09/2026 17:35
02c34b8f-168b-44af-9f15-a3efc1fd3e5d,rudolph.phd,available,25.98,29.98,high,low,7,namecheap,,,25/09/2026 14:11
2fdb61de-d278-431e-9830-c317903df343,quizzes.phd,available,25.98,29.98,medium,low,7,namecheap,,,18/09/2026 17:07
2ec36422-907f-43f6-859c-2f9fc55ee4fe,horrific.phd,available,25.98,29.98,medium,low,8,namecheap,,,14/08/2026 08:59
c188ecfa-3844-45b7-8ca8-a5f91afc2b70,wet.phd,premium,427.7,427.7,high,low,3,namecheap,,,22/09/2026 19:43
41418d78-6b40-4c6f-bbc3-c060955bce88,clearance.phd,premium,115.7,115.7,high,low,9,namecheap,,,08/09/2026 08:11
75f80463-6e18-4885-801c-79a6644fcbc9,dreaming.phd,premium,63.7,63.7,high,low,8,namecheap,,,24/09/2026 23:58
84c5b86a-1f96-460f-9816-a51e97f49947,asset.phd,premium,206.7,206.7,high,low,5,namecheap,,,28/09/2026 04:29
f745e158-5728-454b-8544-4d14aacd8a71,empathic.phd,available,25.98,29.98,high,low,8,namecheap,,,16/08/2026 16:41
e806f224-c417-4997-b01e-78c6e1d68067,fourteenth.phd,available,25.98,29.98,high,low,10,namecheap,,,
127c2da9-7a6d-428a-9ad1-f3985f978648,epicure.phd,available,25.98,29.98,high,low,7,namecheap,,,17/08/2026 10:42
4ecb90c8-88f2-4164-b4d5-96963c913b6f,florence.phd,premium,92.32,92.32,high,low,8,spaceship,,,28/09/2026 05:43
8a72ba54-1ec5-4683-82c1-7d69daca9c0f,amplifier.phd,available,25.98,29.98,high,low,9,namecheap,,,18/09/2026 23:40
edaec819-d2b6-4e16-8551-3838559e84d6,walkabout.phd,available,26.99,,high,low,10,name.com,,,
2e0c814a-b9e9-43a7-8a4c-1b793cebea3f,protector.phd,premium,,,high,low,9,,,,28/09/2026 13:52
94e30539-cd75-45d5-956a-0ecb9b3a7868,salmagundi.phd,available,25.98,29.98,medium,low,10,namecheap,,,25/08/2026 08:22
03d0ab60-a835-44aa-bd65-05b9f538716e,ruined.phd,available,20.2,20.2,high,low,6,cloudflare,,,27/09/2026 16:41
9a94bdb3-17e9-4f43-8cf8-934f9b6e5aae,molded.phd,available,25.98,29.98,medium,low,6,namecheap,,,25/08/2026 03:46
fb0b53a8-56e8-45b5-84a6-386518bef30e,poverty.phd,premium,61.25,,medium,low,7,name.com,,,
bd92e3a1-836d-4b7b-b5ae-75298304a01e,forepart.phd,available,25.98,29.98,medium,low,8,namecheap,,,18/08/2026 16:13
167dabeb-9638-4468-a320-951f5c4082a6,tomatoes.phd,available,20.84,20.84,medium,low,8,spaceship,,,28/09/2026 12:33
ce309f2d-e5de-4afb-bd6b-db0cc9acbedf,distantly.phd,available,25.98,29.98,medium,low,9,namecheap,,,14/09/2026 13:17
1ef28e28-79ad-4038-b102-4592f1597270,review.phd,premium,843.7,843.7,high,medium,6,namecheap,,,
54c02a74-c2b5-463d-b148-1f17cfc6ba87,wriggling.phd,available,25.98,29.98,medium,low,9,namecheap,,,13/09/2026 13:41
f6b7bec8-2bba-4cc0-a170-03d29f0fa014,subsequent.phd,available,25.98,29.98,high,low,10,namecheap,,,11/09/2026 00:44
e8feb4ab-7531-4245-a893-01411ef3f1f6,reversed.phd,available,20.84,20.84,high,low,8,spaceship,,,27/09/2026 14:11
3ead1de3-196b-447a-9c4b-b519377b5c9d,peaty.phd,available,25.98,29.98,medium,low,5,namecheap,,,08/09/2026 11:28
4d6f2440-f452-47e9-8f86-0312dfc1e314,obeisance.phd,available,25.98,29.98,high,medium,9,namecheap,,,10/08/2026 23:35
77668775-5e73-49a9-b981-2b498276be79,diva.phd,premium,411.25,,high,low,4,name.com,,,
0f400477-bfdf-418a-99c6-eb9658ce810e,venue.phd,premium,,,high,low,5,,,,29/09/2026 01:38
65e65109-e6b0-42a4-b23f-609fbec56332,abiding.phd,available,25.98,29.98,high,low,7,namecheap,,,21/09/2026 13:52
664abb3a-a65c-4cbc-8fe9-cf8c4218b737,unpassable.phd,available,25.98,29.98,medium,low,10,namecheap,,,21/08/2026 21:49
3506ed38-02ad-44b1-85ff-0ba452500756,stargazer.phd,available,25.98,29.98,high,low,9,namecheap,,,20/09/2026 18:07
cdd9f0c6-7292-4ce9-8904-a73ccfef8535,reaching.phd,available,25.98,29.98,high,low,8,namecheap,,,20/09/2026 09:16
8efcbdd4-cd69-4c3e-b805-f478b1f1d2c5,overcome.phd,available,25.98,29.98,high,low,8,namecheap,,,28/09/2026 05:30
41e8a2c2-79b7-4005-8514-ad07f4668d4d,ara.phd,premium,115.7,115.7,high,low,3,namecheap,,,19/09/2026 23:23
76218a72-f9d3-4ef7-b647-c81149ad47dd,emblems.phd,available,20.2,20.2,medium,low,7,cloudflare,,,28/09/2026 18:24
ee0588f8-ca0f-42f9-ad86-eecbb24ce0af,goliath.phd,available,25.98,29.98,high,low,7,namecheap,,,23/09/2026 03:22
5efd6bc8-af61-4cf2-ba00-c0c9cc2f8e9e,promoter.phd,premium,61.25,,high,low,8,name.com,,,
2b4fbb8b-f356-4927-a0dc-73e2a99986ab,worker.phd,premium,206.7,206.7,high,low,6,namecheap,,,27/09/2026 07:18
c304c414-680e-4b53-bb0c-ea9832e45451,magnetic.phd,premium,111.25,111.25,high,low,8,name.com,,,12/08/2026 02:32
de09f78b-a1fd-4003-8768-8fe891a7b1cd,vacuum.phd,premium,111.25,,high,low,6,name.com,,,
7b8a165c-5f72-4de3-ae3b-1eb43d476299,cassidy.phd,premium,63.7,63.7,high,low,7,namecheap,,,26/09/2026 03:43
b90a8b79-78c3-45f8-8a20-b6c384e54396,madison.phd,premium,206.7,206.7,high,low,7,namecheap,,,08/09/2026 13:09
8a908f7c-4fb3-4601-8cc1-57b266709536,file.phd,premium,843.7,843.7,high,medium,4,namecheap,,,24/09/2026 21:00
b620d2cc-ae3f-43b0-a1c5-fdd3060ce745,tottering.phd,available,25.98,29.98,medium,low,9,namecheap,,,11/09/2026 18:14
7fdf7260-7a2a-49ec-a0e9-5178812dfa1d,jewels.phd,premium,115.7,115.7,high,low,6,namecheap,,,18/09/2026 06:31
c03d8d23-9975-4beb-b76a-52070f7acdc6,warn.phd,available,25.98,29.98,high,low,4,namecheap,,,28/09/2026 03:18
422c02d7-a9af-44e8-bd21-2f2f1d77b1a2,lustful.phd,available,25.98,29.98,medium,low,7,namecheap,,,12/08/2026 20:18
93e86218-bd0e-4b70-be18-8b51ef19392a,hegelian.phd,available,25.98,29.98,medium,low,8,namecheap,,,21/08/2026 06:14
e7d223f9-0237-4651-af23-520ccd947b44,hatted.phd,available,25.98,29.98,medium,low,6,namecheap,,,21/08/2026 01:22
ef022f7c-d419-4c4a-b823-be89668fccd7,favoritism.phd,available,25.98,29.98,medium,low,10,namecheap,,,24/09/2026 22:35
4f647c2d-70f9-43a4-921e-924db349fc3e,untethered.phd,available,25.98,29.98,medium,low,10,namecheap,,,12/09/2026 21:16
cad528f8-335a-40e3-8046-bb949633327d,acerate.phd,available,25.98,29.98,medium,low,7,namecheap,,,
315ddbe7-7450-4986-9a54-c061be75581e,defection.phd,available,25.98,29.98,medium,low,9,namecheap,,,19/09/2026 19:16
8451b2c6-22cb-4d0a-bfd6-ee1560441e31,clipboard.phd,available,25.98,29.98,high,low,9,namecheap,,,24/09/2026 15:44
b5ab1351-fa72-4695-b939-2a5d83e26c32,adar.phd,available,25.98,29.98,medium,low,4,namecheap,,,17/09/2026 06:32
88df48b3-9136-40af-bcd9-36426c27d11a,abcs.phd,available,25.98,29.98,high,low,4,namecheap,,,16/09/2026 14:38
8e1b56dc-242a-4b0a-b912-5d09c401af32,kendall.phd,premium,115.7,115.7,high,low,7,namecheap,,,25/09/2026 05:14
33416047-1587-4765-9959-c48d083a56a9,pope.phd,premium,111.25,,high,low,4,name.com,,,28/09/2026 20:19
2a8d3583-cce7-4c72-9d0b-a353b679a2a3,gaming.phd,premium,811.25,,high,low,6,name.com,,,
c9f2254f-9a3c-43f3-aafb-d4eb174d39bd,shows.phd,premium,843.7,843.7,high,low,5,namecheap,,,18/09/2026 14:42
beca8cc4-7122-45b7-b044-1f5dab68a486,announcement.phd,available,26.99,37.99,high,low,12,name.com,,,26/09/2026 00:47
cf86fc0e-d491-4e00-aa82-6dd15c14e42b,gossip.phd,premium,206.7,206.7,high,low,6,namecheap,,,24/09/2026 13:15
14e3aff8-a9af-4727-a401-e3a020b2cf48,overdressed.phd,available,25.98,29.98,medium,low,12,namecheap,,,16/09/2026 17:42
6744b409-5478-4561-b995-615c05d44c08,billy.phd,premium,206.7,206.7,high,low,5,namecheap,,,23/09/2026 16:44
909eccbb-4d03-4b49-be3d-38095c6fd37d,hannah.phd,premium,427.7,427.7,high,low,6,namecheap,,,25/09/2026 11:24
9fae6c85-6ee0-4eb6-a0ef-b988605699f0,outlets.phd,premium,63.7,63.7,medium,low,7,namecheap,,,21/09/2026 06:33
14f6cd9c-ce70-4839-8595-a81158f21370,seated.phd,available,20.84,20.84,high,low,6,spaceship,,,27/09/2026 19:11
e92e9638-9ef3-44a8-acb5-349950486683,aroused.phd,available,25.98,29.98,high,low,7,namecheap,,,
194c1bcf-fc4d-4d19-b58e-c74f45b8e9d6,melvin.phd,available,25.98,29.98,high,low,6,namecheap,,,26/09/2026 03:21
279b3ebd-1188-4808-b341-6f33816120cc,protest.phd,premium,61.25,,high,low,7,name.com,,,
370176dc-cee7-4155-9026-f4ed4782dfab,balladeer.phd,available,25.98,29.98,medium,low,9,namecheap,,,21/09/2026 22:45
1df293bc-fcd7-4d63-9487-018629de9ccc,glow.phd,premium,198.75,198.75,high,medium,4,name.com,,,20/08/2026 15:11
b6fee8d0-73de-49b5-905d-48ce87713a04,median.phd,premium,63.7,63.7,high,low,6,namecheap,,,25/09/2026 18:47
4e52cb5f-8f78-4aaa-b051-ca592a120ef4,awing.phd,available,25.98,29.98,medium,low,5,namecheap,,,08/08/2026 00:34
6e80a9a2-4b1c-4988-a320-4aa32814f46f,wiggins.phd,available,20.84,20.84,high,low,7,spaceship,,,28/09/2026 16:37
3db900eb-911f-4390-9b8d-8b943f2ce9ef,hoodlum.phd,available,25.98,29.98,high,medium,7,namecheap,,,09/09/2026 06:04
a01acbdc-b6c3-4755-aaf0-d31ac26e2985,unprovable.phd,available,25.98,29.98,medium,low,10,namecheap,,,12/09/2026 17:29
6dd1bad3-1f5c-451f-b0fd-3760ce16f845,whitefish.phd,available,26.99,,medium,low,10,name.com,,,
acc43de9-b543-4c65-b92f-d039331e0fd9,applique.phd,available,25.98,29.98,medium,low,8,namecheap,,,19/09/2026 21:57
c3894e91-3545-48bf-94e9-e318ce5448c1,amen.phd,premium,115.7,115.7,high,low,4,namecheap,,,18/09/2026 18:25
9f239359-662e-4560-85a5-bb38e37b6e8d,retraction.phd,available,25.98,29.98,high,low,10,namecheap,,,16/09/2026 15:59
5dfeb83b-c3bf-49b7-89f6-bd2735279a7e,rhapsodic.phd,available,25.98,29.98,medium,low,9,namecheap,,,14/08/2026 23:52
ee663055-8ec2-42bc-bfc9-e3e6711554e3,bifurcate.phd,available,25.98,29.98,high,low,9,namecheap,,,09/08/2026 20:08
94372ae8-ed47-47c7-bd3f-879865d17728,frederick.phd,premium,54.02,54.02,high,low,9,porkbun,,,28/09/2026 01:56
6eeb1c49-705e-478c-973e-2480f8deb333,bagnio.phd,available,25.98,29.98,medium,low,6,namecheap,,,21/09/2026 18:19
86a1d5de-be8a-48bb-9649-d7c3ae5a8b05,overhasty.phd,available,25.98,29.98,medium,low,9,namecheap,,,04/09/2026 20:44
47fd0d61-16f8-4b95-8479-72317be45e99,sideways.phd,available,25.98,29.98,high,low,8,namecheap,,,24/09/2026 01:14
f7d63bcd-56f6-4666-a622-22bb2b6f3c2e,detected.phd,available,25.98,29.98,high,low,8,namecheap,,,24/09/2026 07:30
6791a16c-f5a9-41e3-b1ef-83c30c038183,piratical.phd,available,25.98,29.98,high,medium,9,namecheap,,,08/09/2026 19:58
0252d021-5470-49ff-a27c-70f6456a108a,ossified.phd,available,25.98,29.98,medium,low,8,namecheap,,,18/08/2026 13:15
b28dab1b-7bcd-4095-a958-3569ace09804,avail.phd,available,25.98,29.98,high,low,5,namecheap,,,21/09/2026 08:37
b9598fc7-237c-4c0c-924d-070428534669,forensic.phd,premium,63.7,63.7,high,low,8,namecheap,,,08/09/2026 15:50
b4f34a8e-6268-4d58-9640-433aa1b8ab79,futureless.phd,available,25.98,29.98,low,low,10,namecheap,,,18/08/2026 19:15
9d31d3bc-480d-4abc-99ed-e5acfbd882d4,blissful.phd,available,25.98,29.98,high,low,8,namecheap,,,10/08/2026 14:33
a2676d52-e8e8-486b-aac5-ea2eb88245c8,shorts.phd,premium,164.77,164.77,high,low,6,spaceship,,,28/09/2026 07:26
b87bf1c5-440c-4829-bbd2-2ca856c6493b,octal.phd,available,25.98,29.98,medium,low,5,namecheap,,,04/09/2026 00:39
28e68cee-d429-4d91-8377-7f10d73e4306,allocator.phd,available,25.98,29.98,high,low,9,namecheap,,,18/09/2026 11:47
f13a6479-d32c-43db-8097-8d3b7d9985e3,shotgun.phd,premium,63.7,63.7,high,low,7,namecheap,,,26/09/2026 00:14
5cf02d27-7c16-4550-9a7e-007f3b6d264b,delegate.phd,available,25.98,29.98,high,low,8,namecheap,,,24/09/2026 21:30
915382f5-6583-4925-8013-c3b3183b8a22,redemption.phd,available,26.99,,high,low,10,name.com,,,
e508ef7a-f196-44ce-a40d-aa93413df6f3,magnetised.phd,available,25.98,29.98,medium,low,10,namecheap,,,24/08/2026 13:06
e6063753-9de3-48fc-af90-1ea7cd3f18c4,bankhead.phd,available,25.98,29.98,medium,low,8,namecheap,,,22/09/2026 02:47
f88a7e59-121a-4088-9a47-d0dde7cb78e2,specifically.phd,available,,,high,low,12,,,,26/09/2026 00:54
679b699d-7a32-49e9-81f2-5e104af8eba7,nightfall.phd,available,25.98,29.98,high,low,9,namecheap,,,11/09/2026 21:44
ed135405-b699-404e-a610-1a700f9f7ddf,bioethics.phd,available,25.98,29.98,high,low,9,namecheap,,,23/09/2026 17:56
687a77aa-1f22-4194-a080-5afaf1c47d02,beatitude.phd,available,25.98,29.98,high,low,9,namecheap,,,22/09/2026 21:40
63a7180b-a03e-4fbe-b959-3de13fd22088,lucidly.phd,available,25.98,29.98,medium,low,7,namecheap,,,15/09/2026 12:12
1bd89871-5367-4df4-a483-5c53da440d93,honored.phd,available,25.98,29.98,high,low,7,namecheap,,,17/08/2026 13:25
978b69cd-a588-4716-8c4d-fe78ceb057a7,certify.phd,available,25.98,29.98,high,low,7,namecheap,,,24/08/2026 15:04
6c4cd9bb-8122-4634-9a00-c0011cd4d4ae,puberty.phd,available,20.2,20.2,high,low,7,cloudflare,,,29/09/2026 02:00
a7216485-3183-4349-923e-ff4d0e9d5890,dwindling.phd,available,25.98,29.98,medium,low,9,namecheap,,,14/08/2026 21:48
3e1fd431-9ab3-4ef6-8996-bfdabba3c433,abrasive.phd,available,25.98,29.98,high,low,8,namecheap,,,
665c228c-0f4e-4b82-8be3-328f105f7ed1,countries.phd,premium,111.25,,medium,low,9,name.com,,,
03d91b48-69ef-4e8b-9c23-56082fc7741b,claws.phd,available,20.84,20.84,medium,low,5,spaceship,,,28/09/2026 17:19
5baf370e-8f64-430d-a7be-1c9528f6bbbf,thomas.phd,premium,843.7,843.7,high,medium,6,namecheap,,,25/09/2026 04:57
d7996206-7951-44b5-a9cf-58c452253dce,saman.phd,available,25.98,29.98,high,low,5,namecheap,,,18/09/2026 03:12
d3e5d966-5fa8-4340-82f9-8cb98b1a06d1,proactive.phd,premium,63.7,63.7,high,low,9,namecheap,,,27/09/2026 06:56
0967cc6a-19d9-4c28-af0f-5443a9a4e13d,spacetravel.phd,available,26.99,,high,low,12,name.com,,,
6f4e7536-f37a-4712-8c3e-834acd63e8d5,bishopric.phd,available,25.98,29.98,medium,low,9,namecheap,,,23/09/2026 21:59
56b831c2-40db-486c-ba5e-6f98e65cdaed,lizzie.phd,available,20.84,20.84,high,low,6,spaceship,,,28/09/2026 11:45
71d4b01b-4e5c-4ffb-b683-d0428f40ce24,machines.phd,premium,340.72,340.72,medium,low,8,spaceship,,,29/09/2026 03:31
3d7205c2-30d1-423d-aa49-f87c0e5648b4,idler.phd,available,25.98,29.98,medium,low,5,namecheap,,,14/08/2026 14:10
4344d4bb-f14e-482c-86af-d31c777adc44,cretin.phd,available,25.98,29.98,medium,low,6,namecheap,,,21/08/2026 20:26
92f9efe5-d07e-40b3-ad2c-0b0a219c6b1d,sabin.phd,available,25.98,29.98,medium,low,5,namecheap,,,18/09/2026 02:37
f0a32bf9-c2b3-4ef1-837d-19626bc67b75,quieted.phd,available,25.98,29.98,medium,low,7,namecheap,,,20/09/2026 16:24
76483b7c-a377-44a6-a906-a9db815dd3d8,packs.phd,premium,206.7,206.7,medium,low,5,namecheap,,,20/09/2026 13:29
d3831535-58b6-4e7a-9a63-7ff0550469c7,polonium.phd,available,25.98,29.98,medium,low,8,namecheap,,,20/09/2026 23:54
aa6fe287-76c7-4780-97ae-27e97bd3f147,lift.phd,premium,206.7,206.7,high,low,4,namecheap,,,03/09/2026 17:40
aca9644f-caad-46f5-b731-a49d64361e43,summon.phd,available,20.84,20.84,high,low,6,spaceship,,,29/09/2026 01:42
a39a04e9-209f-4a4f-bda3-9fd30fb9ceb1,imitative.phd,available,25.98,29.98,medium,low,9,namecheap,,,13/08/2026 03:34
439c7f38-bfbc-4467-b637-a377148005b6,inmost.phd,available,25.98,29.98,medium,low,6,namecheap,,,22/08/2026 05:51
76f1976b-e4de-4587-8eb1-a2f5d1dd5df3,pianissimo.phd,available,25.98,29.98,high,medium,10,namecheap,,,08/09/2026 19:27
92c8f692-2b45-4df0-87c0-6e1b9ff13a1c,definable.phd,available,25.98,29.98,medium,low,9,namecheap,,,13/08/2026 23:28
afd2d3c9-17c1-4365-921b-92d06709c719,droll.phd,available,25.98,29.98,medium,low,5,namecheap,,,14/08/2026 19:39
16e974f8-4ec2-4966-9ce5-9b102c66aa99,discontent.phd,available,25.98,29.98,medium,low,10,namecheap,,,14/08/2026 09:59
0838b106-c31d-4838-957f-6bd1374bb0eb,myopic.phd,available,25.98,29.98,medium,low,6,namecheap,,,03/09/2026 12:14
f85c3269-755b-4cad-b34f-85bb2581aded,agapornis.phd,available,25.98,29.98,medium,low,9,namecheap,,,17/09/2026 16:13
eca2549a-72e2-4a90-ac22-0ac5c8304147,combatant.phd,available,25.98,29.98,medium,low,9,namecheap,,,09/08/2026 13:29
a7deaa73-5d3a-4481-8b14-1a0169adfb96,grossly.phd,available,25.98,29.98,medium,low,7,namecheap,,,14/09/2026 22:29
67b376d6-45cb-40d0-8c14-a1d8d8404014,raised.phd,premium,115.7,115.7,high,low,6,namecheap,,,23/09/2026 09:46
2967a779-522a-4b67-84ba-39d9c50b6dfd,noaa.phd,available,27,,high,low,4,unstoppable,,,28/09/2026 02:28
2c1cb23b-dd14-4a81-be29-bf64f9f7efac,riemann.phd,available,25.98,29.98,high,low,7,namecheap,,,23/09/2026 09:54
15edf62f-0391-4bac-ac2e-bdb1218513f7,bestial.phd,available,25.98,29.98,medium,low,7,namecheap,,,09/08/2026 17:57
dce7c01b-32b2-48d0-8261-7c05d4f8603e,malicious.phd,available,25.98,29.98,medium,low,9,namecheap,,,24/08/2026 14:02
7ab1bece-f5e8-4c20-8283-1d316106849d,viatical.phd,available,25.98,29.98,medium,low,8,namecheap,,,13/09/2026 05:03
83fb320d-6bba-4273-8d26-95e9e42ad87f,patty.phd,available,20.84,20.84,high,low,5,spaceship,,,28/09/2026 20:09
d6ea4451-de0a-4871-a50d-b1dea9025166,anchorage.phd,available,25.98,29.98,high,low,9,namecheap,,,19/09/2026 03:43
71ac3e8c-b7d2-4bb5-9a56-b739d9bb273f,seldom.phd,available,25.98,29.98,high,low,6,namecheap,,,15/09/2026 22:34
f7e87ccb-851d-4e66-93ce-1ee0026abe91,mackay.phd,premium,63.7,63.7,medium,low,6,namecheap,,,25/09/2026 16:20
e781ef44-e0b6-4b8c-913e-a3cbd8d75339,selfmade.phd,available,25.98,29.98,high,low,9,namecheap,,,10/09/2026 02:03
d2c8ac75-60ce-4b0f-b001-4462a6d00b24,galvanic.phd,available,25.98,29.98,medium,low,8,namecheap,,,18/08/2026 19:44
b59bda99-320e-4571-8719-df7608601143,carpal.phd,available,25.98,29.98,high,low,6,namecheap,,,11/08/2026 19:34
babd3e70-e2a5-4b18-99e0-4b64f0d84fa0,cams.phd,premium,206.7,206.7,medium,low,4,namecheap,,,20/09/2026 11:30
b40fef64-8f25-4a38-b734-3ed4361795cc,glucose.phd,available,25.98,29.98,high,low,7,namecheap,,,29/09/2026 01:05
5667072f-84d0-44b0-a263-10337171e7d4,grip.phd,premium,92.32,92.32,high,low,4,spaceship,,,28/09/2026 18:31
54ece2ec-892e-4197-9252-dc9338bf292f,capricious.phd,available,25.98,29.98,medium,low,10,namecheap,,,11/08/2026 18:04
909c4ee8-3a5a-45c0-8b95-08689e8725ee,clogged.phd,available,25.98,29.98,medium,low,7,namecheap,,,12/08/2026 06:41
8238b52a-da71-4def-adf0-026d8c804325,prevailing.phd,available,25.98,29.98,high,medium,10,namecheap,,,09/09/2026 01:27
d9a855b7-dcc3-49a7-ba83-aace449b2c32,convoy.phd,available,27,,medium,low,6,unstoppable,,,28/09/2026 13:45
76904906-4bb9-4f6c-bf69-5d8ad3347101,disrepute.phd,available,25.98,29.98,medium,low,9,namecheap,,,24/09/2026 22:34
e1302968-dde0-4dea-9e38-9afb0fcc2e35,adviseable.phd,available,26.99,,high,low,10,name.com,,,
4512e115-5464-422e-b654-a9144896ff27,cfa.phd,premium,89.2,,high,low,3,unstoppable,,,28/09/2026 03:42
85bd2b88-a3e1-4742-92f9-981232709eab,bap.phd,premium,115.7,115.7,high,low,3,namecheap,,,22/09/2026 03:20
19cb8cb3-911e-4755-8e0e-c5d597df756d,argentine.phd,available,,,high,high,9,,,,
8b45a25d-f1fe-4c00-a804-b18973d15b73,frequently.phd,available,27,,medium,low,10,unstoppable,,,28/09/2026 14:57
ee9c63ef-285f-4c44-8ffc-82fbadb3ae09,radioactivity.phd,available,26.99,,medium,low,13,name.com,,,
db17d15a-6cc4-46f4-9543-994b5fd6f7d9,vigor.phd,premium,61.25,,high,low,5,name.com,,,
1a8f9310-b6f7-4a53-a74a-93bc9c817c44,confiding.phd,available,25.98,29.98,high,low,9,namecheap,,,12/08/2026 20:45
17ed2e34-f9ec-45cb-ac0c-248df8f8e9e7,backstay.phd,available,26.99,37.99,medium,low,8,name.com,,,21/09/2026 16:03
f78068d3-b02e-43bf-942d-599f44377268,meals.phd,premium,115.7,115.7,high,low,5,namecheap,,,18/09/2026 16:02
e42557a1-12e7-4279-8de3-29c1a3c03c54,tapping.phd,available,27,,high,low,7,unstoppable,,,28/09/2026 20:35
dcaca516-5dbe-4e6c-a747-fef5b8b58c27,raptor.phd,premium,115.7,115.7,high,low,6,namecheap,,,23/09/2026 20:17
7bb2b27d-1a83-408b-ab56-cf2ac507b19c,rubberise.phd,available,25.98,29.98,high,medium,9,namecheap,,,09/09/2026 19:14
597bafb2-83e4-4d79-b356-9212d2857d35,potassium.phd,available,25.98,29.98,high,low,9,namecheap,,,20/09/2026 22:30
7a4292af-3262-447a-a818-5279b30bdd19,legally.phd,available,26.99,37.99,medium,low,7,name.com,,,13/08/2026 19:07
d8d56c11-2676-49a1-8b23-c42720513c45,print.phd,premium,811.25,,high,medium,5,name.com,,,
cb349663-4a10-43e2-9a8e-77ebe53ff9ed,skyline.phd,premium,206.7,206.7,high,low,7,namecheap,,,19/09/2026 20:18
01b3e7b5-eafd-4d01-9c3f-62d5e6962652,stabbing.phd,available,25.98,29.98,medium,low,8,namecheap,,,22/08/2026 19:19
238c9691-42b7-48b4-8d1d-91414f5ddef8,adequate.phd,available,25.98,29.98,high,low,8,namecheap,,,21/09/2026 18:22
abd7c670-30ac-4c36-a5b7-f321829ea4d3,trapped.phd,available,25.98,29.98,medium,low,7,namecheap,,,07/08/2026 11:08
9f00119e-aa1e-4639-9257-cb25e02f144e,pei.phd,premium,,,medium,low,3,,,,28/09/2026 14:30
e0aff853-561d-456e-84b5-500ea5a98260,ironical.phd,available,25.98,29.98,medium,low,8,namecheap,,,22/08/2026 10:06
db6844c1-f7bc-4d54-a182-3ed7753994b8,grapefruit.phd,available,25.98,29.98,high,low,10,namecheap,,,24/09/2026 15:09
1575bcd4-9ecc-420b-a0fc-8531a38fd743,insincere.phd,available,25.98,29.98,medium,low,9,namecheap,,,22/08/2026 07:08
bba5e0aa-5d77-499d-b503-1d64faa71fc6,stubby.phd,available,25.98,29.98,high,low,6,namecheap,,,10/09/2026 22:56
33fc4f36-9d65-48b2-8e04-7f3e81897dd9,moosewood.phd,available,25.98,29.98,medium,low,9,namecheap,,,16/09/2026 23:36
80bf2a3b-945f-4bf4-9992-d901798f0f13,recognise.phd,available,20.84,20.84,high,low,9,spaceship,,,28/09/2026 06:55
1b528f5b-5fd2-4953-806c-fc0182a62ec7,woodruff.phd,available,25.98,29.98,medium,low,8,namecheap,,,20/09/2026 15:04
8f7268db-d0d1-4abc-9bef-703de831bd8a,sailors.phd,available,20.2,20.2,medium,low,7,cloudflare,,,28/09/2026 13:06
cad65352-c7ea-481e-a292-82c4195fdf12,napoleon.phd,premium,50.92,50.92,medium,low,8,spaceship,,,28/09/2026 13:35
e475845f-2803-4108-9ae9-82b649f97dd3,ideally.phd,available,20.2,20.2,medium,low,7,cloudflare,,,28/09/2026 15:16
398f91a3-ade4-4921-b9e8-8576581ae8bf,amaranthus.phd,available,25.98,29.98,medium,low,10,namecheap,,,18/09/2026 15:51
91428100-8b8d-4528-a082-74955a706646,eclat.phd,available,25.98,29.98,high,low,5,namecheap,,,16/09/2026 22:37
bcc4b899-daa8-4df1-a357-5843944de724,mercurial.phd,available,25.98,29.98,high,low,9,namecheap,,,17/08/2026 12:50
05a5c55d-535b-4b8c-8113-420ba0efd808,comes.phd,premium,206.7,206.7,high,low,5,namecheap,,,17/09/2026 22:46
13f1bedb-c4ba-4b44-8d1f-4775bfae0dd2,ourselves.phd,available,25.98,29.98,medium,low,9,namecheap,,,27/09/2026 08:55
bc60906d-dc4d-4b20-baca-0abe696ead1f,tenant.phd,premium,50.92,50.92,high,low,6,spaceship,,,28/09/2026 20:19
9bcc90ca-6c62-4267-a7de-70d0ecfa2c9e,poured.phd,available,26.99,37.99,medium,low,6,name.com,,,18/09/2026 02:28
760ac396-e5bf-4a12-9925-3504739f7981,oratorical.phd,available,25.98,29.98,high,low,10,namecheap,,,04/09/2026 17:30
669cb865-0ada-49e3-9f78-3f4b68dcd9bc,educated.phd,available,25.98,29.98,high,low,8,namecheap,,,24/09/2026 13:27
70f8ab07-6117-42f8-9df1-6cc7d96f63ce,aeneas.phd,available,25.98,29.98,medium,low,6,namecheap,,,17/09/2026 12:27
754f35fb-38ae-4d03-ba53-fe6916437152,dogged.phd,available,25.98,29.98,medium,low,6,namecheap,,,14/08/2026 14:54
80ca768e-3a47-4ba9-901f-c56728221791,bigwig.phd,available,25.98,29.98,high,low,6,namecheap,,,23/09/2026 15:30
c9b2e2d3-acd3-4d82-be8c-7a0219011ea7,condemned.phd,available,20.2,20.2,medium,low,9,cloudflare,,,28/09/2026 17:15
3f1f31a4-826c-49c3-a0b9-0886cc854ca0,somesing.phd,available,26.99,,medium,low,8,name.com,,,
e66dad07-8e74-4286-8dfe-638b9f4e1b30,comparing.phd,available,25.98,29.98,high,low,9,namecheap,,,24/09/2026 16:45
1bf647c6-9e36-4301-8e73-3841e1cfda4d,hendricks.phd,available,20.2,20.2,medium,low,9,cloudflare,,,28/09/2026 08:45
ad868fe8-a03d-4ac5-8f0c-68271328f894,obsolete.phd,available,25.98,29.98,medium,low,8,namecheap,,,14/08/2026 13:30
0088bfe0-4127-4a35-a371-8170a5cae0fb,dirty.phd,premium,427.7,427.7,high,low,5,namecheap,,,23/09/2026 21:45
09b666e9-e97e-4fd3-8d0f-3be6b3bd7b66,megan.phd,premium,115.7,115.7,medium,low,5,namecheap,,,26/09/2026 03:31
20de5024-4e7e-4987-9d6c-4759ee38fa2b,arnold.phd,premium,115.7,115.7,high,low,6,namecheap,,,20/09/2026 08:16
53ddc034-2bd5-49a7-a7a9-faacb742c7f3,dromedary.phd,available,25.98,29.98,medium,low,9,namecheap,,,19/09/2026 23:32
ac52655c-bd4b-491b-9fca-7137fe8eb29b,dripping.phd,available,25.98,29.98,medium,low,8,namecheap,,,14/09/2026 14:32
a59403f1-19cb-49b3-b36b-220ea284d053,ceremony.phd,premium,115.7,115.7,high,low,8,namecheap,,,08/09/2026 07:31
568f405d-f831-4029-b671-2e1b857ffcf5,giver.phd,available,25.98,29.98,high,low,5,namecheap,,,23/09/2026 10:44
dbeb7130-61f6-4a41-849c-4b3b471b20a2,pale.phd,premium,111.25,111.25,high,low,4,name.com,,,27/09/2026 02:35
c8bba8e2-ed12-4c41-9f8c-e9038a1b3614,positive.phd,premium,427.7,427.7,high,low,8,namecheap,,,23/09/2026 14:53
e1d331a6-f552-4aa3-99cf-b8a432b649b9,cheaper.phd,premium,89.2,,low,low,7,unstoppable,,,28/09/2026 08:27
bbff4b59-b714-4179-8c10-c38c66efa334,occurred.phd,available,25.98,29.98,medium,low,8,namecheap,,,18/09/2026 13:50
a3166f0f-8918-4e32-a43d-68d251bc1802,defile.phd,available,25.98,29.98,medium,low,6,namecheap,,,24/08/2026 12:53
8bceaf52-151c-48df-8dd9-9f4d834e8341,watched.phd,available,25.98,29.98,high,low,7,namecheap,,,18/09/2026 01:33
891df178-7f24-44fb-8e02-e309f6b5bb67,schenectady.phd,available,20.84,20.84,medium,low,11,spaceship,,,28/09/2026 12:25
77451ae8-c84d-44bb-b343-39062932512b,phage.phd,available,25.98,29.98,medium,low,5,namecheap,,,21/09/2026 16:31
ab840369-2573-4baf-bc23-9c95a8ea72ca,roller.phd,premium,198.75,,high,low,6,name.com,,,
e53d8e59-2293-404c-9681-86909389f1e7,papered.phd,available,25.98,29.98,medium,low,7,namecheap,,,21/09/2026 10:14
7de0db62-aade-4f95-9c96-d301f87ef4d9,darlington.phd,available,25.98,29.98,high,low,10,namecheap,,,27/09/2026 06:24
097fce61-6525-4654-a3a7-1e9e9467cf4a,date.phd,premium,1623.75,,high,low,4,name.com,,,
9c7d1486-489d-40ae-9fa1-cf36ec801394,angled.phd,available,25.98,29.98,medium,low,6,namecheap,,,
29e4c910-4135-4b94-9055-0b1ea30de6fd,cynic.phd,available,25.98,29.98,high,low,5,namecheap,,,24/09/2026 20:49
cc2fe960-39d6-43be-ae8e-0f79a94569c7,perimeter.phd,available,21.11,21.11,high,low,9,porkbun,,,28/09/2026 01:41
5925be1f-0e9c-4c76-8886-27eca7b152d2,wears.phd,available,25.98,29.98,medium,low,5,namecheap,,,17/09/2026 10:43
2cf350e2-bf6f-4e9d-a8cb-9160d1d3f08a,flatly.phd,available,25.98,29.98,medium,low,6,namecheap,,,14/09/2026 05:29
d5ea7089-abe6-4e4d-8f8e-cb6ebd606b7f,regal.phd,premium,115.7,115.7,high,low,5,namecheap,,,19/09/2026 11:09
6dba263b-3d18-43a8-bbb6-993f90e82fbb,trios.phd,available,25.98,29.98,medium,low,5,namecheap,,,19/09/2026 22:38
79e4bf77-4833-4279-85b4-9c74a89bf9c5,grief.phd,available,25.98,29.98,high,low,5,namecheap,,,24/09/2026 10:39
c075c105-31ce-4421-90db-c8db11f801da,biaxial.phd,available,25.98,29.98,medium,low,7,namecheap,,,09/08/2026 18:44
f8b192fc-33a4-4c45-98ef-18d2dc27c2be,medially.phd,available,25.98,29.98,medium,low,8,namecheap,,,15/09/2026 13:54
32e6e5bc-c6f7-4b73-98da-9ca55460147a,staunch.phd,available,25.98,29.98,high,low,7,namecheap,,,10/09/2026 19:22
a1e092e3-136a-46d0-aa05-4e4f635906b2,destination.phd,premium,198.75,,high,low,11,name.com,,,
8b7acd1e-7411-4da1-986e-62ba6e564041,resinated.phd,available,25.98,29.98,medium,low,9,namecheap,,,09/09/2026 15:09
8e8b6a0f-5a99-4663-a1a5-bcb89652b387,soph.phd,available,25.98,29.98,high,low,4,namecheap,,,10/09/2026 14:20
647a87ec-c7a4-43fb-ac56-d110c2842c31,assort.phd,available,25.98,29.98,medium,low,6,namecheap,,,17/09/2026 14:23
049befdc-97ec-4615-81a7-f79e44e767ad,bring.phd,premium,206.7,206.7,high,low,5,namecheap,,,25/09/2026 05:59
7e315efd-1f75-4709-bc76-3937cf405f4f,argonaut.phd,available,25.98,29.98,medium,low,8,namecheap,,,20/09/2026 04:31
9147cd66-eee9-4b8d-8720-dda2f94cb0c9,delta.phd,premium,811.25,,high,medium,5,name.com,,,
560d4bd5-7b46-472f-a1b9-4f01e5b3df82,responded.phd,available,25.98,29.98,medium,low,9,namecheap,,,18/09/2026 18:02
ff4fdbbb-d038-481e-916f-485f773a9694,maguire.phd,available,20.84,20.84,high,low,7,spaceship,,,28/09/2026 04:17
697b3c87-d8a0-4f8a-b5e1-7e9b9a1bf456,kellogg.phd,available,20.84,20.84,high,low,7,spaceship,,,27/09/2026 14:32
dce848fe-5167-47c7-99a5-43c0cb37547c,dickensian.phd,available,25.98,29.98,medium,low,10,namecheap,,,14/08/2026 06:25
0753db3e-7f98-4e68-a974-790a5eb5eca3,afters.phd,available,25.98,29.98,medium,low,6,namecheap,,,17/09/2026 15:48
2ec09707-c317-4d48-a5e2-8efe554d19d7,somersault.phd,available,25.98,29.98,high,low,10,namecheap,,,18/08/2026 08:25
504f879c-0734-4ce3-9f22-748999dea333,balcony.phd,available,25.98,29.98,high,low,7,namecheap,,,21/09/2026 21:28
7196b352-8750-467b-ae3c-ac5075b5c76d,fda.phd,premium,115.7,115.7,high,low,3,namecheap,,,25/09/2026 05:55
6c140174-28e5-433a-ac62-7b6222a270a9,roles.phd,available,20.84,20.84,medium,low,5,spaceship,,,28/09/2026 21:41
408bfb9f-cc02-465b-9528-3bf3f0e42921,perceptive.phd,available,25.98,29.98,high,low,10,namecheap,,,08/09/2026 16:12
db25334f-0032-4295-83a8-d5e7203b1196,simone.phd,premium,115.7,115.7,high,low,6,namecheap,,,27/09/2026 07:19
d7fc2ebc-7cf6-4242-bc3d-31b2df450127,titled.phd,available,25.98,29.98,high,low,6,namecheap,,,13/08/2026 01:50
aa449c1b-15a2-4511-93eb-b5d71ed120fc,saudi.phd,premium,427.7,427.7,high,low,5,namecheap,,,09/09/2026 21:58
c12eb3d6-a307-4293-92bd-e5042132567c,sisters.phd,premium,111.25,111.25,high,low,7,name.com,,,
aa5def83-7d4a-47c2-9413-bbe00ec359fb,territory.phd,premium,61.25,,high,low,9,name.com,,,
00927150-887f-4f29-a515-3083de101ebb,tapes.phd,available,25.98,29.98,medium,low,5,namecheap,,,25/09/2026 21:42
25ebdce4-2c89-4d5c-a47e-66da09dbb717,callous.phd,available,25.98,29.98,medium,low,7,namecheap,,,11/08/2026 14:30
6ba0a14c-ed32-4805-be0a-6b8e104428e2,annotator.phd,available,25.98,29.98,high,low,9,namecheap,,,19/09/2026 10:48
7c814a44-7108-4465-9699-79bbb6714bcd,insured.phd,premium,61.25,61.25,high,low,7,name.com,,,22/08/2026 07:42
8200ac21-9bd4-492d-b279-ab6779b73787,adh.phd,premium,111.25,111.25,high,low,3,name.com,,,17/09/2026 07:56
c6b475c1-4294-4d38-b9e8-451eb1cb3f39,vexatious.phd,available,,,medium,low,9,,,,
fe4368d1-3f57-4e4d-b2ce-f13958321909,regan.phd,available,20.84,20.84,medium,low,5,spaceship,,,28/09/2026 07:56
6025a79a-9fd3-42e7-9414-6ef31922aaae,blither.phd,available,25.98,29.98,medium,low,7,namecheap,,,24/09/2026 04:54
04c943ab-21a2-43d1-8e8f-e7f5c22c114f,contain.phd,premium,115.7,115.7,high,low,7,namecheap,,,24/09/2026 20:22
bcbb318e-9142-4c43-9980-f88d8af2990e,shoebill.phd,available,25.98,29.98,medium,low,8,namecheap,,,21/09/2026 20:35
dfa6b0b3-5000-4ef2-8370-9eb5a58c9871,smoothly.phd,available,25.98,29.98,high,low,8,namecheap,,,16/09/2026 02:56
59ca184e-05ea-4922-9656-1de143b2ee21,truck.phd,premium,843.7,843.7,high,low,5,namecheap,,,25/09/2026 23:01
ea3c3e9b-f26f-4f4e-be3f-fb58b2d4d419,parasitic.phd,available,25.98,29.98,medium,low,9,namecheap,,,17/08/2026 10:15
a0a4cce9-8ae6-4f8a-b5f3-f8211d502906,undyed.phd,available,25.98,29.98,medium,low,6,namecheap,,,12/09/2026 02:08
95cd06c7-766e-4dd6-bc99-0e3f950b7b99,rican.phd,available,25.98,29.98,high,low,5,namecheap,,,25/09/2026 13:13
a6553bce-225c-47d1-90af-c5da222b749c,stannic.phd,available,25.98,29.98,low,low,7,namecheap,,,10/09/2026 18:41
73edf0a7-e27f-49cc-a100-f749cb117031,divergent.phd,premium,61.25,61.25,high,low,9,name.com,,,14/08/2026 13:35
074a189c-c00e-4465-977f-c016e6d3682c,honestly.phd,available,25.98,29.98,high,low,8,namecheap,,,
598ce0cd-986e-48f7-a343-415abd763c2d,tries.phd,available,25.98,29.98,medium,low,5,namecheap,,,25/09/2026 19:53
e8ebf831-227c-48b4-bb50-44da3751e31c,autarchy.phd,available,25.98,29.98,medium,low,8,namecheap,,,21/09/2026 05:05
9fdb6b10-2663-4968-b07f-47ed6969fed4,cops.phd,premium,63.7,63.7,high,low,4,namecheap,,,18/09/2026 22:05
4c01a0eb-c989-4ba0-85c5-efd4f08c5869,dependant.phd,available,25.98,29.98,medium,low,9,namecheap,,,14/08/2026 02:08
647919bb-5651-4dc4-a6fc-c398c1a09c62,helps.phd,premium,115.7,115.7,high,low,5,namecheap,,,25/09/2026 21:19
c7efa326-d359-492c-95bb-157178f43ae4,actium.phd,available,25.98,29.98,medium,low,6,namecheap,,,17/09/2026 05:08
8657d579-3218-4555-a331-b3b7eb8aff45,tall.phd,premium,206.7,206.7,high,low,4,namecheap,,,24/09/2026 22:52
b448385c-f36f-4d45-9717-95f531288b23,beef.phd,premium,198.75,198.75,high,low,4,name.com,,,23/09/2026 00:18
d9ad59f2-a3ea-4685-ab88-86b4d8958ebd,repetitive.phd,available,25.98,29.98,medium,low,10,namecheap,,,22/08/2026 07:14
2e2fbed0-2f99-4896-a03f-2f218f4ec48f,groom.phd,premium,,,high,low,5,,,,27/09/2026 12:02
fe4e4282-d1a7-48c3-a034-122f0744b26d,demolished.phd,available,25.98,29.98,medium,low,10,namecheap,,,14/08/2026 01:21
a884e8ce-a46b-482d-bba3-10fd7b3112a6,unveil.phd,available,26.99,,high,low,6,name.com,,,
6567c6d4-e302-4ad1-96a3-a4ab4f468acd,allosaurus.phd,available,25.98,29.98,medium,low,10,namecheap,,,18/09/2026 12:05
78f56234-ce8c-4612-845b-c5be3b4dfe67,oengus.phd,available,25.98,29.98,medium,low,6,namecheap,,,17/09/2026 12:31
09e1d991-6336-45ea-b85f-562f7b7bee19,recurring.phd,available,25.98,29.98,high,low,9,namecheap,,,09/09/2026 11:58
5be40415-5d8f-4db6-9abb-9429780937fa,passcode.phd,available,26.99,,high,low,8,name.com,,,
46f3de56-f441-4f4e-85e1-7ae5812562de,conqueror.phd,available,25.98,29.98,high,low,9,namecheap,,,24/09/2026 17:25
030befaa-5fe2-4bfd-98ea-f076789ac876,thereby.phd,available,25.98,29.98,medium,low,7,namecheap,,,16/09/2026 08:39
25e0a212-f291-4843-ab08-1d1a0a759d13,immunized.phd,available,25.98,29.98,medium,low,9,namecheap,,,21/08/2026 21:30
16acdd1e-04ea-4bd1-b994-975872103c6f,transexual.phd,available,25.98,29.98,medium,low,10,namecheap,,,11/09/2026 19:01
77184386-c8a1-43d0-8576-5dce035505a8,shameless.phd,available,25.98,29.98,medium,low,9,namecheap,,,10/09/2026 05:53
ea30fb16-2752-495b-b7e5-ab89ef4999b3,epiphyte.phd,available,25.98,29.98,medium,low,8,namecheap,,,17/09/2026 13:14
11f1c7b1-ca72-4896-a3a3-35a516d3912e,plagued.phd,available,20.2,20.2,medium,low,7,cloudflare,,,29/09/2026 03:23
b4d4d6d6-cb5e-4998-83bb-427548cb6b5c,vhs.phd,premium,115.7,115.7,high,low,3,namecheap,,,16/09/2026 06:26
bc435f31-e682-4cc2-b706-26e0f5a0f9a6,dew.phd,premium,111.25,,high,low,3,name.com,,,
c8205629-db3d-4a9c-a628-230db18f7e67,send.phd,premium,811.25,,high,low,4,name.com,,,
df5b0291-27b5-4d17-a7a1-bc69728e0ddc,weeklong.phd,available,25.98,29.98,medium,low,8,namecheap,,,10/09/2026 05:01
8938a7f4-20d6-468a-a066-c6bbab4921a0,paternal.phd,available,25.98,29.98,high,low,8,namecheap,,,
dcb0d989-0640-4db6-972f-142293c75b50,uss.phd,premium,115.7,115.7,high,low,3,namecheap,,,25/09/2026 13:39
0b60c3e7-3e34-4677-8ff0-b2f47ecde6ba,abbot.phd,available,25.98,29.98,medium,low,5,namecheap,,,16/09/2026 14:31
49c50142-e43c-4e4f-8957-b898734bae1d,shades.phd,premium,427.7,427.7,high,low,6,namecheap,,,28/09/2026 18:53
7ce58430-9123-4491-a8ac-ccf45e08185e,deft.phd,available,25.98,29.98,high,low,4,namecheap,,,13/08/2026 23:50
d00be505-021a-495b-a34d-ea7385eedad9,job.phd,premium,1299.2,,high,medium,3,unstoppable,,,29/09/2026 03:34
4908211b-e1c1-47a1-a89e-4dc88fff41d5,kinglike.phd,available,25.98,29.98,medium,low,8,namecheap,,,22/08/2026 16:19
7ef4c641-8bd1-40fe-a91d-f86025ae8fa6,crimson.phd,premium,61.25,61.25,high,low,7,name.com,,,22/09/2026 22:28
b1c297b0-db69-4bc8-8a5a-d59bb1d58be3,louisa.phd,available,25.98,29.98,medium,low,6,namecheap,,,25/09/2026 14:44
b040ee95-4054-42dc-a052-dde26c13c6e2,darkling.phd,available,26.99,37.99,medium,low,8,name.com,,,13/08/2026 18:16
48929091-7313-45ec-bf53-db64a138077d,requested.phd,available,20.84,20.84,high,low,9,spaceship,,,27/09/2026 12:02
22e414d6-24d8-4806-a780-a1c81501d78e,choky.phd,available,25.98,29.98,medium,low,5,namecheap,,,12/08/2026 06:42
264ed128-8b56-4d2e-870e-c2ea5ac35dc6,antwerp.phd,available,25.98,29.98,medium,low,7,namecheap,,,19/09/2026 15:48
a47800ed-75db-4f55-b253-b77d483c0338,asthenia.phd,available,25.98,29.98,medium,low,8,namecheap,,,20/09/2026 17:17
5ed92d1c-e03c-44c7-b657-090b98cbe178,serving.phd,premium,115.7,115.7,high,low,7,namecheap,,,25/09/2026 23:06
e46d2adc-d4e3-4e61-953f-292a61189fc4,drearily.phd,available,25.98,29.98,medium,low,8,namecheap,,,14/09/2026 13:12
364793d1-de20-4fd2-9780-be0e66940d0b,hampton.phd,premium,115.7,115.7,high,low,7,namecheap,,,25/09/2026 06:48
3093ed7a-233c-47f8-8212-bb46a1618936,sts.phd,premium,,,high,low,3,,,,28/09/2026 11:46
02cfe20b-fe7a-479b-9725-919924f0bbf5,topology.phd,available,25.98,29.98,high,low,8,namecheap,,,19/09/2026 01:59
51f9ea85-9f3c-4233-8431-0145008f4554,hoping.phd,available,26.99,37.99,high,low,6,name.com,,,25/09/2026 11:50
0e672481-e8e2-4bc7-9917-6d96e86eddf8,reclaimed.phd,available,25.98,29.98,high,low,9,namecheap,,,09/09/2026 11:36
a84d5f00-257e-406d-90ff-c70d06fe2130,bluish.phd,available,25.98,29.98,high,low,6,namecheap,,,22/09/2026 22:47
4bd4b22f-683d-4e43-95fc-5add133e27bd,bewitch.phd,available,25.98,29.98,high,low,7,namecheap,,,21/08/2026 07:41
09d003b2-16a6-4208-8b6a-def8a7d0bdde,curling.phd,available,25.98,29.98,high,low,7,namecheap,,,13/08/2026 11:21
ce00b4e3-d7cd-45e5-b681-47829cfd747f,flickering.phd,available,25.98,29.98,high,low,10,namecheap,,,
e6756f08-99c2-40a6-b6b9-e4fcb27df8f1,acinar.phd,available,25.98,29.98,medium,low,6,namecheap,,,
e460f3a0-9689-4ac0-b824-e4c8e3e774f9,warwickshire.phd,available,20.2,20.2,medium,low,12,cloudflare,,,29/09/2026 03:43
d6f2a576-ba55-4886-9f0e-68462a8fbf98,slugs.phd,available,25.98,29.98,medium,low,5,namecheap,,,20/09/2026 08:54
cf2ebfd1-6921-4fa3-ad04-8d67d6b769b4,notional.phd,available,25.98,29.98,high,low,8,namecheap,,,12/08/2026 20:01
3fc91eb6-14ef-4b5f-870f-bcaec7bf55cd,clunk.phd,available,25.98,29.98,medium,low,5,namecheap,,,11/09/2026 15:10
4320cd9c-00d1-475f-8119-984bed45ffd4,morale.phd,available,27,,medium,low,6,unstoppable,,,28/09/2026 19:07
12255755-6544-4bb9-b627-ddbfb5d30621,pirate.phd,premium,411.25,,high,low,6,name.com,,,
b32eb5b3-d1d5-4985-a516-57daf3f42510,appointee.phd,available,25.98,29.98,medium,low,9,namecheap,,,19/09/2026 21:58
74156112-bc9a-4dee-9e29-fe64cac8a88e,inversion.phd,available,25.98,29.98,high,low,9,namecheap,,,19/09/2026 03:24
4c1f848c-f38e-44cb-94ea-e85a01743189,hillary.phd,premium,115.7,115.7,high,low,7,namecheap,,,27/09/2026 03:48
5c8782a7-bd66-468e-96fd-57172306b6aa,baste.phd,available,25.98,29.98,medium,low,5,namecheap,,,22/09/2026 12:43
49c6150e-35bf-4c0b-8c1b-2e13c2240cc0,portend.phd,available,25.98,29.98,medium,low,7,namecheap,,,21/09/2026 03:29
11f1e1ea-245f-4440-b0a8-bc1227128b21,anecdotal.phd,available,25.98,29.98,high,low,9,namecheap,,,
6172a2d8-5ae5-4051-beca-709c3f198b46,valorous.phd,available,25.98,29.98,medium,low,8,namecheap,,,13/09/2026 00:57
753bc514-68d4-4c59-b600-047e337fdb7d,tag.phd,premium,843.7,843.7,high,medium,3,namecheap,,,24/09/2026 13:51
f6be4f33-640c-4d2e-9f58-cc6916ac2b81,insist.phd,available,26.99,,high,low,6,name.com,,,
8f6280b2-c405-4578-bda6-4f58216557df,federalist.phd,available,20.84,20.84,medium,low,10,spaceship,,,28/09/2026 19:11
08e0cee0-98f7-4dee-a8a2-4ff86fe5a134,jung.phd,premium,115.7,115.7,high,low,4,namecheap,,,25/09/2026 03:59
f4e1a628-d887-4328-ada0-261970e8e170,alcoholism.phd,available,25.98,29.98,medium,low,10,namecheap,,,18/09/2026 04:06
eee2d552-a941-4b2f-983d-dbf816e0c5fa,cloudiness.phd,available,25.98,29.98,medium,low,10,namecheap,,,04/09/2026 20:28
04c77b21-4b9e-4b98-813a-ed0b02083431,stolen.phd,available,,,high,low,6,,,,26/09/2026 00:36
fa36f123-7e4f-4da6-9cba-693c1d4eead3,settling.phd,available,27,,medium,low,8,unstoppable,,,28/09/2026 20:24
82c4a949-4db0-4fc5-b9bd-dcc9dd325d1c,admittance.phd,available,25.98,29.98,high,low,10,namecheap,,,16/09/2026 22:13
f9387485-a494-46d9-8fc3-a545e594c9d3,wary.phd,available,25.98,29.98,medium,low,4,namecheap,,,22/08/2026 22:32
00fd8506-cc17-47c6-8b1a-3431ef870558,inspector.phd,premium,63.7,63.7,high,low,9,namecheap,,,25/09/2026 07:48
8db1189b-1e0c-49ab-bca8-92c1af201810,irony.phd,available,25.98,29.98,high,low,5,namecheap,,,24/09/2026 13:17
5b9ddb2b-5865-49bf-a4cc-dfbbf4dac265,resource.phd,premium,340.72,340.72,high,low,8,spaceship,,,28/09/2026 20:20
9a83612a-e432-4c6d-99cb-3530de7b26a7,gamble.phd,premium,206.7,206.7,high,low,6,namecheap,,,17/09/2026 10:37
e83492e3-5193-4667-ac77-b37a02f86974,holland.phd,premium,,,high,low,7,,,,28/09/2026 02:07
c1a1b44f-036f-4f75-8e01-6b4e3e5d2ced,relating.phd,available,26.99,,high,low,8,name.com,,,
50f7f850-3670-4895-9cb2-7cf7b60d12b2,feral.phd,available,25.98,29.98,high,low,5,namecheap,,,18/08/2026 01:10
edabb0c9-d726-433f-b8f2-91b265922d1b,forbidden.phd,premium,61.25,61.25,medium,low,9,name.com,,,18/08/2026 10:59
2ff5e716-66fa-4627-8d2e-e9ea3c01f3e5,backbone.phd,premium,206.7,206.7,high,low,9,namecheap,,,21/09/2026 15:14
ceb41aca-9fc4-4b57-aca6-9474692b5a86,anthozoa.phd,available,25.98,29.98,medium,low,8,namecheap,,,17/09/2026 05:01
3ee7fbaa-b47a-49ea-9edd-ce131e92c4f3,consoling.phd,available,25.98,29.98,high,low,9,namecheap,,,12/08/2026 22:42
caa641f9-f4c5-44d1-8a61-1ef3b2ea3247,derivable.phd,available,25.98,29.98,medium,low,9,namecheap,,,14/08/2026 03:00
f7b13ce2-2c5c-4187-81a6-70c2f68dc895,revolved.phd,available,25.98,29.98,medium,low,8,namecheap,,,27/09/2026 14:41
4dc6e006-d460-4a66-b438-12d19ce1acfe,adansonia.phd,available,25.98,29.98,medium,low,9,namecheap,,,17/09/2026 06:21
63193bb0-9e04-4ed8-93f2-b02cba5bf7d0,assiduity.phd,available,25.98,29.98,medium,low,9,namecheap,,,20/09/2026 16:21
9a446239-6e7c-4bdf-aab4-3fd75eac67b0,apache.phd,premium,206.7,206.7,high,low,6,namecheap,,,19/09/2026 16:09
a624fe94-ed37-4412-b06f-0438fde583c3,fashion.phd,premium,1418.59,1418.59,high,medium,7,porkbun,,,28/09/2026 16:44
87f11230-f0e2-466d-bc5b-856eaa71e296,vicennial.phd,available,25.98,29.98,medium,low,9,namecheap,,,13/09/2026 05:23
db0d330d-817c-4718-8342-fda43593cc05,benefice.phd,available,25.98,29.98,high,low,8,namecheap,,,23/09/2026 07:54
1d0cdd41-0544-4f5f-b993-33270a25bcd0,balalaika.phd,available,26.99,37.99,medium,low,9,name.com,,,21/09/2026 20:48
ee9cb540-5c70-46d3-9569-802bf004afbb,acth.phd,available,25.98,29.98,medium,low,4,namecheap,,,17/09/2026 04:25
5900f026-835f-4914-9c4f-a165459fb598,sob.phd,premium,111.25,111.25,high,low,3,name.com,,,08/08/2026 23:48
c7f35c5d-d3ae-4bda-98a5-a71fe115b6a0,disrespect.phd,available,26.99,,high,low,10,name.com,,,
1e74ef2c-849b-4880-8f71-2493842cec83,demanding.phd,available,25.98,29.98,high,low,9,namecheap,,,14/08/2026 01:06
27901e19-5fde-4aa9-9dc7-8db737c9ffcc,gormless.phd,available,25.98,29.98,low,low,8,namecheap,,,18/08/2026 20:48
3313054e-bff8-464b-b9f5-bd4a7dd23ef9,printer.phd,premium,671.92,671.92,high,low,7,spaceship,,,28/09/2026 15:08
c5744743-cbaa-4efa-bb92-0fb99d7c9371,features.phd,premium,92.32,92.32,medium,low,8,spaceship,,,28/09/2026 12:52
5d532e75-d933-47c9-b41d-7bfc32d99812,bracelet.phd,premium,111.25,111.25,high,low,8,name.com,,,22/09/2026 01:56
e1c35c52-dd47-40fd-88c5-51c52f8be516,prairie.phd,premium,61.25,,high,low,7,name.com,,,
c002ccd2-e318-4246-b722-7df663b1e0d4,turing.phd,premium,63.7,63.7,high,low,6,namecheap,,,18/09/2026 01:45
923aa2b7-0fec-415e-b977-a26afdeac8f7,cohen.phd,premium,115.7,115.7,high,low,5,namecheap,,,27/09/2026 03:21
17f76adb-6158-4009-95dd-95362a45570d,wayfaring.phd,available,25.98,29.98,medium,low,9,namecheap,,,13/09/2026 08:47
23b4308a-aecd-43fa-8560-0facd48fdc29,barracks.phd,available,20.84,20.84,medium,low,8,spaceship,,,28/09/2026 13:08
a0350279-4393-42e4-982b-746c5855856a,unsexy.phd,available,25.98,29.98,medium,low,6,namecheap,,,12/09/2026 19:23
de5ff81d-08dd-443f-a67f-398d18812ae0,assign.phd,available,25.98,29.98,high,low,6,namecheap,,,21/09/2026 02:19
5ee16698-cf76-48dd-986f-dad1dca9ebbf,unlit.phd,available,25.98,29.98,medium,low,5,namecheap,,,12/09/2026 13:03
d909bb42-1b79-48e2-9957-caf8153218ed,tenderness.phd,available,25.98,29.98,high,low,10,namecheap,,,17/09/2026 14:18
8135ec5c-d242-4453-9ebc-0bb216d1a655,throwaway.phd,available,25.98,29.98,medium,low,9,namecheap,,,11/08/2026 05:13
b424cd15-38a3-49a7-87a7-be0f28f4d5c9,menacing.phd,available,25.98,29.98,medium,low,8,namecheap,,,24/08/2026 19:55
af3ba8a9-cf8d-428d-8ca0-d6641fd13244,dastard.phd,available,26.99,37.99,medium,low,7,name.com,,,13/08/2026 18:32
0a46cc54-779d-4df3-9ea4-be7117cb1e68,vindicator.phd,available,25.98,29.98,medium,low,10,namecheap,,,19/09/2026 18:48
3b64b62b-80f6-42fa-abee-06ccfee9c2ce,nathan.phd,premium,206.7,206.7,high,low,6,namecheap,,,25/09/2026 12:13
c566d732-774d-403c-a534-9c415d0ec4c5,planned.phd,available,25.98,29.98,high,low,7,namecheap,,,21/09/2026 22:06
d06cf24b-22c0-4402-8dc9-d40c554924b3,lamb.phd,premium,115.7,115.7,high,low,4,namecheap,,,27/09/2026 03:31
37a2d7e7-78b7-41fa-8467-23601efff757,oklahoma.phd,premium,198.75,,high,low,8,name.com,,,26/09/2026 00:08
0b3c2d99-f9ce-4666-b02e-7bec9392227f,exercise.phd,premium,206.7,206.7,high,low,8,namecheap,,,19/09/2026 09:45
4ab3b5e3-c0ce-4f6a-a782-134a424d24e0,fearlessly.phd,available,25.98,29.98,high,low,10,namecheap,,,14/09/2026 10:44
3b02996b-1d47-42ea-bc9b-001e54d4d449,emily.phd,premium,206.7,206.7,high,medium,5,namecheap,,,25/09/2026 14:07
95127232-4558-4c51-ae41-6958009afd15,roasted.phd,available,20.84,20.84,high,low,7,spaceship,,,27/09/2026 15:50
4f433e85-576c-41b8-9f7c-0eeb25e0eacc,impacted.phd,available,25.98,29.98,medium,low,8,namecheap,,,21/08/2026 21:36
01f68ef6-3aba-4fc0-82f7-6bf2cd29111d,arethusa.phd,available,25.98,29.98,medium,low,8,namecheap,,,20/09/2026 04:04
e7769d30-5874-4da4-8cc3-c87dc4ddce9c,gyroplane.phd,available,25.98,29.98,medium,low,9,namecheap,,,21/09/2026 06:27
5fb1999e-21e9-4fe4-95d8-3e8bfe42667e,diversion.phd,available,25.98,29.98,high,low,9,namecheap,,,24/09/2026 23:18
a0a2cb9f-0fc3-4f86-ba74-47e6e6291565,numerous.phd,available,25.98,29.98,high,low,8,namecheap,,,22/08/2026 23:01
73a7b5f1-3356-4ae8-8438-bb5141f884d6,stuff.phd,premium,427.7,427.7,high,low,5,namecheap,,,25/09/2026 17:52
06069e76-74bb-47cd-bc3a-6f55b2af2c76,kay.phd,available,,,high,low,3,,,,26/09/2026 00:52
ae769b5b-3f9b-439e-ba40-9dd390da5858,groggy.phd,available,25.98,29.98,medium,low,6,namecheap,,,18/08/2026 09:53
97cdd83e-044c-45be-84ca-3bdc01dd90b6,peso.phd,premium,115.7,115.7,high,low,4,namecheap,,,24/09/2026 14:37
301d40cf-d75b-4980-883a-61f250052dca,slipping.phd,available,25.98,29.98,medium,low,8,namecheap,,,10/09/2026 11:05
fe787b57-939c-412c-97e5-b4f9418606d2,after.phd,premium,843.7,843.7,high,low,5,namecheap,,,21/09/2026 22:16
e1489921-74f2-41c6-a1e2-c3f215fd12db,crate.phd,premium,63.7,63.7,high,low,5,namecheap,,,24/09/2026 19:07
dc2f976f-3380-4b43-8081-de9aa8ffe6f1,vaned.phd,available,25.98,29.98,medium,low,5,namecheap,,,13/09/2026 01:06
72d2ea61-fec8-4332-b1ba-3de66c761563,participation.phd,available,20.84,20.84,medium,low,13,spaceship,,,28/09/2026 22:50
c13ab121-e81c-4db4-ace8-0beca6cfce94,gary.phd,premium,115.7,115.7,high,low,4,namecheap,,,25/09/2026 06:21
4418ed96-c636-44be-95c6-f2bd90f0d29b,macleod.phd,available,39.99,39.99,medium,low,7,godaddy,,,28/09/2026 02:12
c99ca947-bd60-4014-b5d3-06a69aeca9dc,hearing.phd,premium,206.7,206.7,high,low,7,namecheap,,,24/09/2026 23:40
a3b476ca-c09f-4cbe-886f-f50a40d86e86,orphan.phd,available,26.99,,high,low,6,name.com,,,
1f8bed31-07be-445a-a970-e966cc044f92,bliss.phd,premium,427.7,427.7,high,medium,5,namecheap,,,24/09/2026 06:14
85debfcb-79ce-4316-ab67-235285676332,piston.phd,premium,61.25,,high,low,6,name.com,,,
c54194c7-382a-4b20-9b04-6eb204801eed,tattooing.phd,available,25.98,29.98,high,low,9,namecheap,,,18/09/2026 01:47
acbb27ac-02ef-4215-8705-c77a7418a30a,carte.phd,premium,115.7,115.7,high,low,5,namecheap,,,23/09/2026 16:04
d4d07b8d-a679-451c-8806-0c55d89412e4,employ.phd,premium,63.7,63.7,high,low,6,namecheap,,,08/09/2026 13:39
23389e51-ddae-4e04-bc60-8e9d66a67d70,agrology.phd,available,25.98,29.98,medium,low,8,namecheap,,,17/09/2026 19:36
a59ae672-3b8c-415f-9ff8-6cf3a7db291a,roving.phd,available,25.98,29.98,high,low,6,namecheap,,,25/08/2026 02:22
6d5ff773-3df7-42b1-adbc-676728047191,eighth.phd,available,25.98,29.98,high,low,6,namecheap,,,
6427b39e-2397-4d4e-8d46-84b059e0b26c,sweetly.phd,available,25.98,29.98,high,low,7,namecheap,,,11/09/2026 05:33
821e33df-7a22-447b-affc-8a943aebb5b9,apiary.phd,available,25.98,29.98,high,low,6,namecheap,,,19/09/2026 17:20
69083751-e882-402d-a132-4125f70e10b6,judgement.phd,available,26.99,,high,low,9,name.com,,,
41e6c5d5-2eb9-42e0-a4ab-880ace29a74b,siliceous.phd,available,25.98,29.98,high,medium,9,namecheap,,,10/09/2026 08:07
683a600e-08f8-43e2-9d50-830591a53a25,dreamed.phd,available,20.84,20.84,medium,low,7,spaceship,,,27/09/2026 21:44
ba0bcd2f-e8c3-412e-9264-a18ba8e91e94,framework.phd,premium,198.75,198.75,high,low,9,name.com,,,25/08/2026 02:30
0af83be4-8036-4349-a4cd-0e49159d9b85,easiest.phd,available,20.84,20.84,medium,low,7,spaceship,,,28/09/2026 23:51
34833814-de35-4fb3-9a56-cfa05798861a,generations.phd,premium,61.25,61.25,medium,low,11,name.com,,,17/09/2026 19:20
a28573af-8292-4d67-9abd-3e179685b332,permits.phd,available,20.84,20.84,medium,low,7,spaceship,,,28/09/2026 23:51
ac31e4c1-3d32-43f1-bd56-5083dbb8a1ba,longest.phd,available,20.84,20.84,medium,low,7,spaceship,,,28/09/2026 16:14
99d3e890-31a4-4175-a468-cc41560047bf,mickey.phd,premium,206.7,206.7,high,low,6,namecheap,,,25/09/2026 09:22
91e2df3e-ce9b-498a-b4bd-52c4cee05a14,mimosa.phd,premium,63.7,63.7,high,low,6,namecheap,,,16/09/2026 20:07
29823ab6-1522-450d-a397-75f2d1b4a750,grugru.phd,available,25.98,29.98,medium,low,6,namecheap,,,17/09/2026 03:33
f77b8f8c-07c0-42ae-8fb2-356740faba22,reaction.phd,premium,115.7,115.7,high,low,8,namecheap,,,24/09/2026 14:16
21547752-237d-4c19-87d2-0d81415f0654,lunchtime.phd,available,26.99,,high,low,10,name.com,,,
e3f59f9a-81e4-43d5-a2de-4d2f9cb4a276,afterwards.phd,available,25.98,29.98,medium,low,10,namecheap,,,
97a95bb4-3537-4cea-911e-2a1e6ca03e76,arguably.phd,available,25.98,29.98,medium,low,8,namecheap,,,13/09/2026 20:45
47a40211-8b02-4617-8ac3-6e6c73c1f5cb,alta.phd,premium,206.7,206.7,high,low,4,namecheap,,,25/09/2026 13:59
13d37f04-70a8-4448-b94e-4853593bc713,marketing.phd,premium,843.7,843.7,high,medium,9,namecheap,,,28/09/2026 06:40
313bcc21-b313-4af5-9613-8fd156e500d1,satan.phd,premium,61.25,,high,low,5,name.com,,,29/09/2026 01:53
f8a599bb-d913-4c02-a14a-3e018a959c04,drying.phd,available,25.98,29.98,high,low,6,namecheap,,,16/09/2026 09:24
74d800d2-9fa8-48e2-ba67-f481b2e9ee34,grisly.phd,available,25.98,29.98,medium,low,6,namecheap,,,18/08/2026 23:15
4382c093-b64b-479b-9093-e2439532de39,hundredth.phd,available,25.98,29.98,high,low,9,namecheap,,,
2a0012c0-dec9-4976-b718-a45d5c35b8da,irksome.phd,available,25.98,29.98,medium,low,7,namecheap,,,10/08/2026 20:01
a25c2657-9aaa-49e8-b00e-b6de2458aeea,calendar.phd,premium,1688.7,1688.7,high,medium,8,namecheap,,,24/09/2026 11:42
f9044c8c-eeb7-42c4-b505-c6af733e2727,curve.phd,premium,198.75,198.75,high,low,5,name.com,,,06/08/2026 15:00
485df69d-4bae-4e2e-90a5-d6014ff7ddf2,repel.phd,available,26.99,,high,low,5,name.com,,,
fd9d62c7-9445-44b1-aa95-6efc2de3ee20,story.phd,premium,843.7,843.7,high,medium,5,namecheap,,,25/09/2026 22:53
c3dc969e-ece4-46de-b0e2-0f52e300ddb1,decedent.phd,available,25.98,29.98,medium,low,8,namecheap,,,13/08/2026 21:05
5cceb475-4580-457f-9a7e-80b5bc550306,fortress.phd,premium,63.7,63.7,high,low,8,namecheap,,,28/09/2026 05:46
27c80aad-263f-4746-9049-c1605a766461,loco.phd,premium,111.25,111.25,high,low,4,name.com,,,06/08/2026 21:13
10ac0942-98b6-4bfd-82ad-e3f1df77a1dc,bain.phd,premium,92.32,92.32,high,low,4,spaceship,,,28/09/2026 07:18
d82dc925-a6bf-4f7d-b93b-2b2cd7ff8e5a,graduated.phd,available,25.98,29.98,high,low,9,namecheap,,,11/08/2026 14:18
cce32f1d-cab6-43d1-ab7f-f67f4a244946,transparency.phd,premium,61.25,,high,low,12,name.com,,,
8f59cf22-f751-4bcf-aa13-774c9f91af52,aft.phd,premium,111.25,111.25,high,low,3,name.com,,,
d77eca5a-2b8b-4ee9-b488-e7a692abb37a,closed.phd,premium,111.25,111.25,high,low,6,name.com,,,12/08/2026 12:15
7ef003ef-970a-4bb6-8b61-e97496d30d52,betatron.phd,available,25.98,29.98,medium,low,8,namecheap,,,23/09/2026 11:04
0bc22061-db15-4fc8-a31a-b0fb953069c3,grub.phd,available,25.98,29.98,high,low,4,namecheap,,,11/08/2026 09:30
682403da-fa23-4f1c-ad1a-8c75b6ba90a2,yogurt.phd,premium,,,high,low,6,,,,28/09/2026 02:43
cd81db4f-5711-4f0b-9ed3-9433bbec3924,confluent.phd,available,25.98,29.98,high,low,9,namecheap,,,12/08/2026 21:07
c6b0eece-7886-4473-81ac-904e55dfdf82,nih.phd,premium,92.32,92.32,high,low,3,spaceship,,,28/09/2026 02:28
7ba769df-847e-4feb-b8ef-03e4053b07d0,buying.phd,premium,411.25,,high,low,6,name.com,,,
9cefdb14-d68a-4992-bddb-d211c2f32ee6,jazz.phd,premium,411.25,,high,low,4,name.com,,,
87de3e79-0a34-420d-9ff0-5e8951890ff7,cager.phd,available,26.99,37.99,medium,low,5,name.com,,,22/09/2026 11:27
fff64136-ecd0-4eb5-bf79-0e42a6cdfc58,switching.phd,available,20.2,20.2,high,low,9,cloudflare,,,28/09/2026 06:49
025e851f-1dd9-4713-8fa9-3c798ebe573f,york.phd,premium,811.25,,high,low,4,name.com,,,
55e8afb8-72ac-4c74-be00-0322cfe85132,ritardando.phd,available,25.98,29.98,high,medium,10,namecheap,,,09/09/2026 09:54
e68f06e2-2bda-4e09-8c96-8cda7b22e4e0,west.phd,premium,671.92,671.92,high,low,4,spaceship,,,28/09/2026 10:23
862643d2-5301-4243-8d0b-2a126fdcfaba,saccade.phd,available,25.98,29.98,medium,low,7,namecheap,,,22/08/2026 12:47
5976bf43-78bc-4e0b-8c86-6265421b6b19,billboard.phd,premium,50.92,50.92,high,low,9,spaceship,,,29/09/2026 02:43
d8976152-bc15-4b21-9abe-d21ca67e3569,door.phd,premium,843.7,843.7,high,low,4,namecheap,,,19/09/2026 10:21
90af25fd-7be7-40f4-87e5-b2043b0b62dd,chairman.phd,premium,61.25,,high,low,8,name.com,,,
c51ebf63-16e5-4365-949d-0bf789876a1c,sideburns.phd,available,26.99,,high,low,9,name.com,,,
420c0d5a-4538-4ead-a3e1-8a16603d969e,hexed.phd,available,25.98,29.98,medium,low,5,namecheap,,,21/08/2026 07:51
6d180414-2e44-439d-9c10-c437d1271076,bulldog.phd,premium,115.7,115.7,high,low,7,namecheap,,,24/09/2026 11:08
dc9111b0-bc3c-4319-af4e-6ac748a9d6e9,slatey.phd,available,25.98,29.98,medium,low,6,namecheap,,,10/09/2026 10:21
9eab6b2a-3593-491b-9c69-a1486ea7f011,quick.phd,premium,843.7,843.7,high,medium,5,namecheap,,,21/09/2026 23:09
e3ef8d57-0ef8-49a1-b07e-1bfc8d8cef00,toronto.phd,premium,340.72,340.72,high,low,7,spaceship,,,29/09/2026 02:20
ea614d82-9118-48b1-be8e-c7a6b724e316,alps.phd,premium,63.7,63.7,high,low,4,namecheap,,,18/09/2026 14:12
c08b331d-cb37-4141-a178-cd530b3392ce,gilt.phd,premium,61.25,61.25,high,low,4,name.com,,,18/08/2026 23:34
afef3a7d-948b-4e1e-8092-03a094da8593,baiting.phd,available,25.98,29.98,medium,low,7,namecheap,,,21/09/2026 19:58
14dd09e0-4664-4f88-871e-b13bd3d6d55e,speciality.phd,available,25.98,29.98,high,low,10,namecheap,,,18/08/2026 12:32
a5a370d2-bac5-4104-90cf-3026e3a9c1e8,formation.phd,premium,92.32,92.32,high,low,9,spaceship,,,28/09/2026 05:38
6fc82f2a-5cff-4e11-8da2-d695031150b4,aspherical.phd,available,25.98,29.98,medium,low,10,namecheap,,,07/08/2026 04:57
f2216ac6-4405-420a-94f5-79c8013e792a,product.phd,premium,649.2,843.7,high,medium,7,unstoppable,,,28/09/2026 15:09
b3b182f2-c9a8-4f1c-9e7f-eaa51fc55e37,cone.phd,premium,111.25,,high,low,4,name.com,,,
debd8410-e0ac-45fd-94d8-067d6d4fe3ef,pyrrhic.phd,available,25.98,29.98,medium,low,7,namecheap,,,09/09/2026 07:12
5c1812ad-1919-4857-9b4f-6d80a1976830,jen.phd,premium,92.32,92.32,high,low,3,spaceship,,,28/09/2026 03:57
b6b7d075-c910-4a69-9ddb-1cf554c937a1,unflavored.phd,available,25.98,29.98,medium,low,10,namecheap,,,03/09/2026 19:15
4ccb1727-109f-47fd-bde4-6769611a2b6a,horrify.phd,available,26.99,37.99,medium,low,7,name.com,,,18/09/2026 01:56
627f7256-4a7e-47fa-9957-b43d8e66ea5e,countess.phd,available,25.98,29.98,medium,low,8,namecheap,,,28/09/2026 13:48
e6db46df-995f-4b1f-898f-b50ffb8424c3,adolescent.phd,available,25.98,29.98,high,low,10,namecheap,,,21/09/2026 19:03
482beb2b-07f5-447b-a5fa-4d7a82058d68,aristocrat.phd,available,25.98,29.98,high,low,10,namecheap,,,20/09/2026 05:51
abb8ff66-b862-4ff5-84d7-01e036ef3fc4,chinese.phd,premium,811.25,811.25,high,low,7,name.com,,,12/08/2026 05:43
50a137bb-5712-44ff-a902-cd26ff709002,baobab.phd,premium,63.7,63.7,medium,low,6,namecheap,,,17/09/2026 06:21
014b4e19-e5b2-4f3c-aae0-3558b837dcc4,pliability.phd,available,25.98,29.98,medium,low,10,namecheap,,,23/09/2026 07:42
c5b910a7-aa8c-4717-b269-cac6be1adc36,simply.phd,premium,427.7,427.7,high,medium,6,namecheap,,,25/09/2026 12:19
c4a2b322-64ba-40ee-a6d8-72a771073f33,reviewers.phd,available,25.98,29.98,medium,low,9,namecheap,,,21/09/2026 09:06
d641c035-0d5a-407d-9a13-a602d9baa15f,broiled.phd,available,25.98,29.98,medium,low,7,namecheap,,,11/08/2026 05:19
b0e8aa34-c09d-442f-aed3-22ae8b29e83d,battered.phd,available,25.98,29.98,medium,low,8,namecheap,,,22/09/2026 18:12
31c600b7-2521-42c7-80e4-46dc4e649bad,adjustable.phd,available,25.98,29.98,high,low,10,namecheap,,,21/09/2026 18:40
5adcbe29-cff0-4e53-836d-b5e4933b0158,belt.phd,premium,92.32,92.32,high,low,4,spaceship,,,28/09/2026 13:21
d333b034-43b1-4689-82bb-63b1f260b2f6,confused.phd,premium,61.25,61.25,high,low,8,name.com,,,07/08/2026 12:02
b232af13-790c-4d34-9a3a-8e755596df6e,alveolar.phd,available,25.98,29.98,medium,low,8,namecheap,,,22/09/2026 02:54
142f0962-2d06-4593-a21a-beb017afd9d0,norte.phd,premium,63.7,63.7,high,low,5,namecheap,,,27/09/2026 07:02
2080a0ff-32f7-40d5-9b17-cdd7556b54e5,locomote.phd,available,25.98,29.98,medium,low,8,namecheap,,,20/08/2026 15:49
925b8097-0eff-41c5-b87f-9739fb992bc3,volleyball.phd,premium,111.25,,high,low,10,name.com,,,
2699a781-178c-4de0-9c71-ed31799ad4f6,regent.phd,premium,63.7,63.7,high,medium,6,namecheap,,,09/09/2026 12:52
56ab4fdd-5c19-447e-a54d-2fef7b7adf07,backs.phd,premium,63.7,63.7,medium,low,5,namecheap,,,18/09/2026 06:41
83fbd8ee-68ef-4291-82c8-e1c35152f943,diverting.phd,available,25.98,29.98,medium,low,9,namecheap,,,
d89881ef-9072-4b51-86eb-f7121799ed6f,stewardess.phd,available,26.99,37.99,high,low,10,name.com,,,17/09/2026 22:26
9ff84bc3-273c-4592-8f34-79ced6377808,vilnius.phd,available,20.2,20.2,medium,low,7,cloudflare,,,28/09/2026 18:34
c648becf-d778-41ef-861b-9dfe8c732279,checkbook.phd,available,26.99,37.99,high,low,9,name.com,,,24/09/2026 13:57
b96a385e-23d5-4015-b48f-97f1744df9c8,antipodean.phd,available,25.98,29.98,medium,low,10,namecheap,,,
4ed7481c-8c80-4d5d-b79a-b80c04fa48db,wandered.phd,available,25.98,29.98,medium,low,8,namecheap,,,18/09/2026 02:36
ec489f30-e474-4f16-a04b-1209eb4b11df,woody.phd,premium,111.25,111.25,high,low,5,name.com,,,06/08/2026 13:08
118f3e99-2721-4349-a1bf-c3e08325429c,fledgeling.phd,available,25.98,29.98,medium,low,10,namecheap,,,18/08/2026 07:32
b96d4d40-939f-41eb-bcec-9cba5aa3c98e,airdrome.phd,available,25.98,29.98,medium,low,8,namecheap,,,17/09/2026 12:57
eadd17fd-7c01-49d2-9244-18d912ba4067,liege.phd,available,25.98,29.98,medium,low,5,namecheap,,,18/08/2026 03:03
cb35dba9-859d-4a43-82b4-161f53553472,theban.phd,available,25.98,29.98,medium,low,6,namecheap,,,11/09/2026 12:35
be8b8c9f-2073-47af-951b-7e7359dd7873,australian.phd,premium,427.7,427.7,high,low,10,namecheap,,,22/09/2026 13:30
6562116b-0a57-4ef0-8e50-aefa5092e6de,burning.phd,premium,115.7,115.7,high,low,7,namecheap,,,23/09/2026 11:45
3c84c70b-bcb3-4c2e-bc69-1a046ef4d573,bedroom.phd,premium,206.7,206.7,high,low,7,namecheap,,,22/09/2026 23:08
d2df3f68-b25b-4dad-a60a-f74dd38052a7,eternally.phd,available,25.98,29.98,high,low,9,namecheap,,,14/09/2026 16:17
3d54983f-400f-4359-81c7-6a5d1104184f,quartet.phd,available,25.98,29.98,high,low,7,namecheap,,,
5b27e150-6a6e-473d-9f05-c51f7d3bf8f4,gizmo.phd,premium,63.7,63.7,high,low,5,namecheap,,,19/09/2026 21:49
3f0a472b-5981-483f-9ab3-4c631b1dfa4a,biogenesis.phd,available,26.99,37.99,high,low,10,name.com,,,23/09/2026 18:02
985c32c0-5576-4682-b15c-25d9d2e1af98,oppressive.phd,available,25.98,29.98,medium,low,10,namecheap,,,04/09/2026 16:52
e6eb5171-d847-4cac-aa0a-ff463911a231,goodwin.phd,premium,61.25,,high,low,7,name.com,,,
9d0707f9-e830-46cc-b589-89b6b4cf20fd,sevener.phd,available,25.98,29.98,medium,low,7,namecheap,,,
424917fa-67ab-4165-a225-f778a4b8d568,mayfield.phd,available,27,,medium,low,8,unstoppable,,,28/09/2026 12:21
3ccf3206-91ec-4042-83d0-4216c4a40ab8,agora.phd,premium,427.7,427.7,high,medium,5,namecheap,,,17/09/2026 19:04
81876b47-46ae-4ba1-b923-af7ffac51727,avicennia.phd,available,25.98,29.98,medium,low,9,namecheap,,,21/09/2026 09:24
3f5d275a-03b5-4323-a1f4-2bd64d6b37df,quaternion.phd,available,25.98,29.98,medium,low,10,namecheap,,,
d375eb99-c7e2-48da-b53c-dad78edc278e,prevent.phd,premium,198.75,,high,low,7,name.com,,,
199245e2-75ca-4589-a6e4-78b467eacfd6,bonneville.phd,available,20.2,20.2,medium,low,10,cloudflare,,,28/09/2026 16:50
94eca99b-de9b-4da7-804e-8c1828e169e5,boon.phd,premium,50.92,50.92,high,low,4,spaceship,,,28/09/2026 07:47
4de23cd7-1a5a-422e-bbe9-7003d0f5b0ff,yao.phd,premium,97.68,97.68,medium,low,3,porkbun,,,28/09/2026 07:58
e40270fa-6e60-4504-9e21-0a4eb77100ea,afflatus.phd,available,25.98,29.98,medium,low,8,namecheap,,,17/09/2026 14:39
39eab9e3-aada-4462-bd88-9b8c85190af6,conjoin.phd,available,25.98,29.98,high,low,7,namecheap,,,13/09/2026 09:37
cce4bf00-31d9-4883-ae0d-0c3a998f57d4,laterally.phd,available,25.98,29.98,medium,low,9,namecheap,,,15/09/2026 10:56
659fc0a2-17e6-4c8c-87b5-b14e2136f6cb,gave.phd,premium,111.25,,medium,low,4,name.com,,,
c0c7a20a-4270-4ed4-8c6a-513d72afa25e,luxurious.phd,premium,61.25,61.25,high,low,9,name.com,,,14/08/2026 00:57
7223dce2-8a3e-4557-b64c-720bd445a02f,alpinism.phd,available,25.98,29.98,medium,low,8,namecheap,,,18/09/2026 14:05
f5af2723-9829-4819-bf0f-8f7c30fcccc6,venal.phd,available,25.98,29.98,medium,low,5,namecheap,,,11/08/2026 03:46
a9acafd9-f3ee-4b17-9f2e-0f8084dae228,absinth.phd,available,25.98,29.98,medium,low,7,namecheap,,,16/09/2026 17:44
f4ce14ac-810a-4b6a-947c-7776492e1da7,unlikeable.phd,available,25.98,29.98,medium,low,10,namecheap,,,12/09/2026 00:56
e5a5d6dd-5840-4b1c-ad4b-c8cff6a47fd4,aden.phd,premium,63.7,63.7,medium,low,4,namecheap,,,17/09/2026 07:22
51f01628-2d1f-4cbd-a417-fdc0e94b7a9b,thought.phd,premium,159.2,,high,low,7,unstoppable,,,28/09/2026 09:13
b3a807bb-2ac2-464a-88d9-54d0698df135,chagrined.phd,available,25.98,29.98,medium,low,9,namecheap,,,
6d89a17e-f7d8-40c3-a687-0c793ef58571,inbuilt.phd,available,25.98,29.98,high,low,7,namecheap,,,11/08/2026 08:08
7eb1e642-beb2-4851-9177-d9d9d7615b5f,assize.phd,available,25.98,29.98,medium,low,6,namecheap,,,20/09/2026 16:30
b9eda1a6-0a64-452d-a9ed-cf4e2030118e,yielding.phd,available,25.98,29.98,high,low,8,namecheap,,,13/09/2026 14:36
aa0b1020-65c1-4d7c-9e70-db3b20491418,seating.phd,available,20.84,20.84,high,low,7,spaceship,,,29/09/2026 02:06
d06b4bb2-3d4c-44b4-90d8-614e11b55b65,pieces.phd,premium,115.7,115.7,medium,low,6,namecheap,,,17/09/2026 19:58
f789271d-79d0-441a-94c1-0b9ba7615344,resinlike.phd,available,25.98,29.98,medium,low,9,namecheap,,,09/09/2026 15:11
4ad60815-758c-4daf-bcc1-fc163592d4fe,mechanized.phd,available,25.98,29.98,medium,low,10,namecheap,,,19/09/2026 16:26
4b4b9a48-1721-480a-b2d7-b93fe5015f8d,savage.phd,premium,198.75,198.75,high,low,6,name.com,,,08/08/2026 15:36
ebe20599-e500-4583-8812-84099e82e07c,petulant.phd,available,25.98,29.98,medium,low,8,namecheap,,,22/08/2026 10:27
0112a831-2cb0-41f1-97ef-06c551540999,decently.phd,available,25.98,29.98,medium,low,8,namecheap,,,13/08/2026 21:14
c7382b59-d10a-4fef-8e25-f2bac68f01c0,motional.phd,available,25.98,29.98,medium,low,8,namecheap,,,25/08/2026 07:22
73bea219-38c7-462f-818d-639604f3df22,elapsed.phd,available,25.98,29.98,medium,low,7,namecheap,,,16/08/2026 00:41
4e991fb6-e7fc-4e31-baf7-70ade58903ab,diabetic.phd,premium,61.25,61.25,high,low,8,name.com,,,14/08/2026 05:36
9962ac72-865c-431f-b09e-6f232a9c60ca,collingwood.phd,available,20.2,20.2,medium,low,11,cloudflare,,,28/09/2026 12:17
bd333729-a807-4bac-a517-223199c12c47,inelegant.phd,available,25.98,29.98,medium,low,9,namecheap,,,22/08/2026 03:44
13f52155-7ae7-4787-8e74-79eb2fe60164,panicked.phd,available,25.98,29.98,medium,low,8,namecheap,,,05/09/2026 00:57
87ba6372-3c1c-42cd-aa38-53887ccb6b27,blowzy.phd,available,25.98,29.98,low,low,6,namecheap,,,10/08/2026 15:41
283c833c-8e7a-4b08-b9a5-23d284710be2,improvise.phd,available,25.98,29.98,high,low,9,namecheap,,,21/09/2026 16:45
3c2befdd-8431-4650-a4ae-066d0f0979a9,logrolling.phd,available,25.98,29.98,medium,low,10,namecheap,,,23/09/2026 20:50
502b2d9d-32bb-4400-a321-d4911d737787,french.phd,premium,843.7,843.7,high,low,6,namecheap,,,24/09/2026 21:41
df42f9f1-b1d3-4847-9da6-6cea2777e48f,connolly.phd,available,25.98,29.98,high,low,8,namecheap,,,25/09/2026 22:17
b2f79439-aeef-4ada-8301-02faaddaacfd,molybdenum.phd,available,25.98,29.98,medium,low,10,namecheap,,,20/09/2026 23:05
3cb33dfa-5612-4b6f-bb7c-250e3cca69f9,mediate.phd,available,25.98,29.98,high,low,7,namecheap,,,21/08/2026 23:37
e28f4cda-75df-4bf0-b1ee-6dee3e8c3dec,elvish.phd,available,25.98,29.98,medium,low,6,namecheap,,,16/08/2026 03:43
004a36e7-763d-46e1-bd9f-fcd0e3012482,pentium.phd,available,26.99,,high,low,7,name.com,,,
166ef776-d964-4283-867e-6a40cf1ab878,definitive.phd,available,25.98,29.98,high,low,10,namecheap,,,12/08/2026 09:45
e9cbfee0-36ae-4cee-a4da-59a0c8b3d2d7,thrown.phd,available,27,,medium,low,6,unstoppable,,,28/09/2026 09:15
046aa729-3b8c-4a84-844f-803785be10fc,emphasise.phd,available,25.98,29.98,high,low,9,namecheap,,,16/09/2026 21:53
998a5f62-ac84-4d31-b138-6b8887501d95,calhoun.phd,available,25.98,29.98,medium,low,7,namecheap,,,27/09/2026 03:19
e3a86f85-f506-448f-8c0f-22c1c3e9ddd9,fecund.phd,available,25.98,29.98,medium,low,6,namecheap,,,18/08/2026 00:34
26432331-3125-4f48-89b6-b683537b180a,untouched.phd,available,25.98,29.98,high,low,9,namecheap,,,12/09/2026 13:20
8f659607-91e0-49f8-a1c9-9660a665014c,meekly.phd,available,25.98,29.98,medium,low,6,namecheap,,,15/09/2026 01:24
69c4afa9-96d2-4513-8a7a-d38bdc6a30e7,argus.phd,premium,63.7,63.7,high,low,5,namecheap,,,20/09/2026 04:53
00ef875c-9464-4bb1-8463-ce67a5fe9bc9,scheduling.phd,premium,50.92,50.92,high,low,10,spaceship,,,29/09/2026 02:34
29b6268d-2156-4c1d-bdab-9c803e6f12c4,pickings.phd,available,25.98,29.98,medium,low,8,namecheap,,,11/09/2026 07:21
937bc5c4-5d04-457e-8221-cbfde3172af9,reporter.phd,premium,115.7,115.7,high,low,8,namecheap,,,25/09/2026 09:33
6da1278b-49e8-4c60-b40a-e42498443aff,verse.phd,premium,111.25,,high,low,5,name.com,,,
ee40a80c-ffe7-48e6-96c5-43a007617818,immanent.phd,available,25.98,29.98,high,low,8,namecheap,,,21/08/2026 20:50
6754425c-e144-4ee7-a597-a525294ba0da,hacking.phd,premium,206.7,206.7,medium,low,7,namecheap,,,28/09/2026 12:39
8296484b-b726-4c58-a59d-105887f4609e,areca.phd,available,26.99,37.99,medium,low,5,name.com,,,20/09/2026 03:25
699358c3-acda-4612-8aff-fbb63224d3e8,arranger.phd,available,25.98,29.98,medium,low,8,namecheap,,,17/09/2026 06:29
8561e328-f8e0-4266-a8ce-debe1625437c,congressman.phd,available,25.98,29.98,high,low,11,namecheap,,,28/09/2026 04:59
908a184f-6851-45fb-af90-8a68c25ad2ab,humour.phd,premium,63.7,63.7,high,low,6,namecheap,,,24/09/2026 06:31
f6b929aa-5c20-4408-a95c-31a219fbe815,frostbite.phd,available,25.98,29.98,high,low,9,namecheap,,,24/09/2026 19:56
41300546-6df1-4c34-9e2a-d5dcc8a78fbd,owner.phd,premium,206.7,206.7,high,low,5,namecheap,,,25/09/2026 09:45
8f045d94-1aef-41b9-9b15-04c787040f75,trilled.phd,available,25.98,29.98,medium,low,7,namecheap,,,09/09/2026 18:19
583dda87-a6fd-4478-a167-ad742cca7eab,sloth.phd,premium,49.2,,high,low,5,unstoppable,,,28/09/2026 17:33
fc217497-8f10-4d0f-8612-dc9da31d03a3,villain.phd,premium,115.7,115.7,high,low,7,namecheap,,,21/09/2026 16:58
3f2d5859-44e8-47b0-b7c5-27a044687f62,wines.phd,premium,206.7,206.7,high,low,5,namecheap,,,18/09/2026 10:23
81e4a48d-aa4b-4b51-bc46-ac685c21cadd,wharf.phd,available,26.99,,high,low,5,name.com,,,
bf7e410d-ed0c-4f2c-a37f-160de16a24cb,stanley.phd,premium,115.7,115.7,high,low,7,namecheap,,,25/09/2026 06:08
b4082f7d-d0e2-4afc-996c-8862a22b979e,sunderland.phd,available,20.84,20.84,high,low,10,spaceship,,,28/09/2026 03:08
ee7d07c2-e7b6-4e1f-9cae-899f775f714d,cheetos.phd,available,25.98,29.98,high,low,7,namecheap,,,21/09/2026 04:04
114536c5-52c4-41a4-8495-77702aa5ab2c,alessandro.phd,available,27,,medium,low,10,unstoppable,,,28/09/2026 05:03
2fc0dba7-8d15-4457-b436-551572dde51b,prefaded.phd,available,25.98,29.98,high,medium,8,namecheap,,,09/09/2026 01:34
e86c22b7-f345-4689-9aa8-b06d870aadd3,kidd.phd,available,21.11,21.11,high,low,4,porkbun,,,28/09/2026 01:23
d24f81d6-5582-4e1e-865b-dedefbc046a4,pompom.phd,available,25.98,29.98,medium,low,7,namecheap,,,
9d04242c-c0ce-487b-9c03-c1bad20bbf33,boats.phd,premium,206.7,206.7,high,low,5,namecheap,,,17/09/2026 16:33
7a20fa44-92da-4416-bc5d-a0742a737132,confess.phd,available,26.99,,high,low,7,name.com,,,
1310dc00-14ab-4b87-841e-295b9f9785d5,discursive.phd,available,25.98,29.98,medium,low,10,namecheap,,,14/08/2026 06:00
73b42f19-ca02-4c21-9adf-4f064e3a70fc,ahmad.phd,premium,63.7,63.7,high,low,5,namecheap,,,27/09/2026 07:37
c33296fa-8044-43f8-a93a-6c4b404bc68f,impeccably.phd,available,25.98,29.98,medium,low,10,namecheap,,,15/09/2026 02:11
d9ecbc1b-6226-4fc0-a184-3140c98c3267,khakis.phd,available,26.99,,high,low,6,name.com,,,
658df1c0-0cec-440a-a851-afcd3aeaa862,preciously.phd,available,25.98,29.98,high,medium,10,namecheap,,,09/09/2026 01:14
6b1e040f-af38-495a-8ef9-a1f1ece38049,wellbeing.phd,premium,115.7,115.7,high,low,9,namecheap,,,28/09/2026 09:56
afe3ed35-3f9a-4bcf-8066-a0df5012bbb6,decimal.phd,available,25.98,29.98,high,low,7,namecheap,,,13/08/2026 21:27
ec008129-24b5-4f2c-833b-df86583c494f,engaging.phd,available,25.98,29.98,high,low,8,namecheap,,,28/09/2026 07:52
90e29453-d774-440e-a2c6-d89dbe55e5e4,ease.phd,premium,,,high,low,4,,,,27/09/2026 13:14
b4fbc182-510f-48ab-ac00-5430bca8745c,smashed.phd,available,25.98,29.98,medium,low,7,namecheap,,,09/08/2026 15:50
b5a37d6e-6e75-4bf5-9d5a-f54ead05dae9,approx.phd,available,25.98,29.98,medium,low,6,namecheap,,,27/09/2026 02:29
2c92c67c-d8a8-4695-a55c-4f771191031c,listing.phd,premium,340.72,340.72,high,low,7,spaceship,,,29/09/2026 01:23
8a8370b1-fd3b-42cc-bac4-08030b00b76c,mansard.phd,available,25.98,29.98,medium,low,7,namecheap,,,24/08/2026 15:30
257841e8-6ba3-4536-b59c-bcb409ba32c7,loveless.phd,available,25.98,29.98,medium,low,8,namecheap,,,24/08/2026 10:09
b47233ca-c924-47ae-8d53-6884076e877a,nimitz.phd,available,25.98,29.98,medium,low,6,namecheap,,,17/09/2026 08:52
72cb51e1-79dd-44c3-929b-a742f427e2a4,antonius.phd,available,25.98,29.98,medium,low,8,namecheap,,,19/09/2026 13:34
65ae7b5f-9cf2-4318-aa2b-61bea1725cb0,airflow.phd,available,25.98,29.98,high,low,7,namecheap,,,17/09/2026 22:13
2eb9efbf-2905-4e3f-83b3-11cc33447332,washington.phd,premium,340.72,340.72,high,low,10,spaceship,,,28/09/2026 20:59
0be771f5-b7ee-40e5-a9ad-e74a2974687d,things.phd,premium,811.25,,high,low,6,name.com,,,28/09/2026 05:47
44ea35c6-188b-42ab-8942-51364c4c6e2e,drunken.phd,available,25.98,29.98,medium,low,7,namecheap,,,09/08/2026 19:02
f1ac79d3-88af-4884-83b7-186794de35a0,ruandan.phd,available,25.98,29.98,high,medium,7,namecheap,,,09/09/2026 19:11
f4252944-3eb3-4e42-854d-2c9f71b0ef4d,priests.phd,available,25.98,29.98,medium,low,7,namecheap,,,18/09/2026 03:38
e165df3b-e73e-497e-ab96-3a6d740aa676,whatsoever.phd,available,25.98,29.98,medium,low,10,namecheap,,,22/09/2026 06:59
d6802a48-3656-4a3c-9583-9052a47ebdc4,populate.phd,available,25.98,29.98,high,low,8,namecheap,,,24/08/2026 07:48
d18f9715-893e-4067-831e-ffde7120b1c4,sedgwick.phd,available,20.84,20.84,medium,low,8,spaceship,,,28/09/2026 16:41
5400e9f9-04fc-4758-92e4-628bb1aff26e,critter.phd,available,25.98,29.98,high,low,7,namecheap,,,24/09/2026 19:33
69aee55a-ddd6-46f5-a17c-9c9b20dfa080,noise.phd,premium,198.75,,high,low,5,name.com,,,
d87ce6d9-ae15-4b06-b6ba-9cdfeba69d55,audrey.phd,premium,206.7,206.7,high,low,6,namecheap,,,25/09/2026 14:38
1ccc30f2-6a2a-4916-aae8-101570364a43,gig.phd,premium,89.2,,high,low,3,unstoppable,,,28/09/2026 05:44
d4ebaac2-528c-469d-ba55-aa9dfc11a886,bill.phd,premium,843.7,843.7,high,low,4,namecheap,,,19/09/2026 17:00
3eba4787-4305-49f9-bb13-e0998b1c3770,linnaean.phd,available,25.98,29.98,medium,low,8,namecheap,,,23/08/2026 16:38
51feba31-bd24-47a3-ae13-d9cc4ad9e80f,unavailable.phd,available,27,,medium,low,11,unstoppable,,,29/09/2026 03:22
b953b450-c755-4db5-a7a9-dbaf662f7059,rejoin.phd,available,26.99,,high,low,6,name.com,,,
6c07e246-e3cf-4d11-80dc-9c40a2ba624b,visibly.phd,available,25.98,29.98,medium,low,7,namecheap,,,16/09/2026 11:04
815262c9-4d70-4fa2-8336-f7378e200691,rolling.phd,premium,115.7,115.7,high,low,7,namecheap,,,19/09/2026 06:51
084a8393-d225-48c9-83f1-5868b75bdd3a,airship.phd,available,25.98,29.98,high,medium,7,namecheap,,,14/08/2026 09:04
f7d0ef74-d247-46f3-a81b-d8bb85e506d6,onstage.phd,premium,63.7,63.7,high,low,8,namecheap,,,16/09/2026 19:36
17e40dec-a718-40e0-93c7-d1359d151bb2,whites.phd,premium,49.2,,high,low,6,unstoppable,,,28/09/2026 16:57
a539b1b7-a2b7-407f-9c44-701510292a11,huntington.phd,premium,63.7,63.7,high,low,10,namecheap,,,25/09/2026 04:18
a0719c5c-0c55-4f99-b11b-cddca9a4e595,actin.phd,available,25.98,29.98,medium,low,5,namecheap,,,17/09/2026 04:37
28366c93-35c5-4ee3-96bf-41ba0336daab,biographer.phd,available,25.98,29.98,high,low,10,namecheap,,,23/09/2026 18:07
d2b4aed5-590d-40bc-b45f-b2a1563860f3,repellant.phd,available,25.98,29.98,medium,low,9,namecheap,,,14/08/2026 10:41
a27f2d1a-8aa9-46a8-ba6a-1872bc1606fc,blistering.phd,available,25.98,29.98,medium,low,10,namecheap,,,
48baff47-d9c0-46f6-bfa5-888b55f412be,metal.phd,premium,843.7,843.7,high,low,5,namecheap,,,25/09/2026 19:55
24280eba-6cf5-4c3a-ac4a-465868ea3477,unturned.phd,available,25.98,29.98,medium,low,8,namecheap,,,12/09/2026 21:54
2122498a-9a49-4bcd-bdcd-75ae99a3be73,hoffman.phd,premium,63.7,63.7,high,low,7,namecheap,,,25/09/2026 05:04
617e0930-a331-4097-86f3-d4b6dda385db,aquiline.phd,available,25.98,29.98,medium,low,8,namecheap,,,06/08/2026 11:01
5cc39a5a-c7ee-45aa-824c-7f988025b3d0,apathetic.phd,available,25.98,29.98,medium,low,9,namecheap,,,05/08/2026 22:04
6e60db13-bd5c-4296-91e5-ad6a5c4db3d8,auriga.phd,available,25.98,29.98,medium,low,6,namecheap,,,21/09/2026 04:24
21299566-e72f-4ff2-b7e0-d0f3304f0f4c,rubber.phd,premium,164.77,164.77,high,low,6,spaceship,,,27/09/2026 16:38
32aed616-2841-4454-b05f-260bf4b0b882,virtuous.phd,available,25.98,29.98,high,low,8,namecheap,,,13/09/2026 06:06
202256c5-2fb2-42b6-999e-78cae3b5acb7,bardeen.phd,available,25.98,29.98,high,low,7,namecheap,,,22/09/2026 05:16
5bd54353-f407-4261-9047-7639aa46881d,sallow.phd,available,25.98,29.98,high,medium,6,namecheap,,,09/09/2026 20:56
3bd462b9-502d-4e88-abff-01912e14bc7b,bestseller.phd,available,25.98,29.98,high,low,10,namecheap,,,23/09/2026 10:31
ed57567f-5668-4dea-be3d-e2a1858bc674,vendor.phd,premium,89.2,,high,low,6,unstoppable,,,28/09/2026 02:42
6a3da5c8-a7cd-4eb7-87ac-5f99ed13c1c0,commands.phd,available,27,,medium,low,8,unstoppable,,,28/09/2026 17:45
3d630c07-d92b-4701-bf74-de9cba71988b,removing.phd,available,20.84,20.84,high,low,8,spaceship,,,28/09/2026 07:21
96c66a5a-6e44-44c3-8df4-6ab5d22e66db,ambuscade.phd,available,25.98,29.98,medium,low,9,namecheap,,,24/08/2026 12:31
82f8410a-9dca-4c92-b124-71b03cc0681c,summery.phd,available,25.98,29.98,high,low,7,namecheap,,,11/09/2026 01:38
b20fa7fb-1275-4eec-8e3f-350f9e182864,qatari.phd,available,25.98,29.98,high,low,6,namecheap,,,22/08/2026 15:09
3ade6394-1be8-477e-b83a-3b53b6a8be8a,spies.phd,available,27,,medium,low,5,unstoppable,,,28/09/2026 12:49
b37b577d-b086-4bb1-97db-40bc7008fabd,anomalous.phd,available,25.98,29.98,high,low,9,namecheap,,,
4737a5b6-cdd0-4122-a338-23d0b4f85f52,adman.phd,available,25.98,29.98,medium,low,5,namecheap,,,17/09/2026 08:40
9712b523-1942-4b0a-8620-18e31ef4b9db,awesome.phd,premium,843.7,843.7,high,medium,7,namecheap,,,22/09/2026 15:04
d5f0a091-4a56-4206-a2f7-be7e7ad3460e,woozy.phd,available,25.98,29.98,medium,low,5,namecheap,,,14/08/2026 14:06
d3409509-739a-4d72-926b-1cf7e143cf64,fogy.phd,available,25.98,29.98,medium,low,4,namecheap,,,18/08/2026 13:08
73b4eb2c-9dd2-4cb1-85d9-c0ebf0ca4da4,submersed.phd,available,25.98,29.98,medium,low,9,namecheap,,,10/09/2026 23:32
b7024752-0248-444d-a434-5a7d12026a71,haphazard.phd,available,25.98,29.98,medium,low,9,namecheap,,,20/08/2026 23:46
e3396ae9-00c4-4e11-b188-fbdf65dae04f,recidivist.phd,available,25.98,29.98,medium,low,10,namecheap,,,21/09/2026 15:57
395cb40c-cbef-44dc-b522-54bb65e1dc5d,fraudulent.phd,available,25.98,29.98,medium,low,10,namecheap,,,13/08/2026 21:10
312dfb5f-e463-4811-a793-142a77c2b6a7,clove.phd,available,25.98,29.98,high,low,5,namecheap,,,24/09/2026 16:05
bfc95581-13a2-415d-89f9-eea6063fe26d,dionysia.phd,available,25.98,29.98,high,low,8,namecheap,,,21/09/2026 13:58
01e8c6a5-9b30-42ee-8e63-ea801ce79304,easter.phd,premium,115.7,115.7,high,low,6,namecheap,,,24/09/2026 13:11
7c7c7660-179d-47d8-98ab-82bc342626fd,knowledge.phd,premium,671.92,671.92,high,low,9,spaceship,,,28/09/2026 05:28
6bf24c0a-5263-485e-96f4-3a584a906092,aurorean.phd,available,25.98,29.98,medium,low,8,namecheap,,,07/08/2026 18:12
6d34d60f-6b1d-470c-838e-8805c097970b,dilatory.phd,available,25.98,29.98,medium,low,8,namecheap,,,14/08/2026 07:31
e770d9e6-8da3-423e-ba22-57d6c0e81c8f,errorless.phd,available,25.98,29.98,high,low,9,namecheap,,,17/08/2026 13:01
2a4b104f-caca-4bc2-991a-b72caf85e82b,hiss.phd,available,25.98,29.98,medium,low,4,namecheap,,,24/09/2026 06:41
6cb859c8-6d7c-40dc-9f87-265e7df46325,ranked.phd,premium,61.25,61.25,high,low,6,name.com,,,20/08/2026 17:38
7ac40970-4258-4663-b3e5-d354e87a4858,destroy.phd,premium,63.7,63.7,high,low,7,namecheap,,,25/09/2026 10:30
b246a10d-78c0-41d4-82d1-6e4d9132338e,pitched.phd,available,25.98,29.98,high,medium,7,namecheap,,,08/09/2026 20:03
d776a27f-344b-40a3-9b4f-d4d2d2f82f7a,staff.phd,premium,340.72,340.72,high,low,5,spaceship,,,28/09/2026 10:20
73f43ade-98f8-4fbe-b31b-f5023d64ca75,thigh.phd,available,20.84,20.84,high,low,5,spaceship,,,29/09/2026 02:11
df1beb61-264d-4b57-ba5d-bae421b498da,anshar.phd,available,25.98,29.98,medium,low,6,namecheap,,,19/09/2026 12:12
01c30f48-fe1a-4c8d-a451-7a6dfd69ac6e,adoption.phd,premium,63.7,63.7,high,low,8,namecheap,,,17/09/2026 09:43
950d71c3-d41e-455f-bdf3-e477f881d622,mooney.phd,available,20.84,20.84,high,low,6,spaceship,,,28/09/2026 03:44
5aa17138-813b-40a7-a1c3-929ffa1136ae,godfrey.phd,available,26.99,37.99,high,low,7,name.com,,,25/09/2026 18:26
75192c5b-1772-4980-b053-a4dc746d096a,crinkle.phd,available,25.98,29.98,medium,low,7,namecheap,,,13/08/2026 07:16
717fd023-4e6f-4f09-bf8e-f7cd0b7de1c9,game.phd,premium,1688.7,1688.7,high,medium,4,namecheap,,,28/09/2026 20:55
4b6b5451-1d76-499b-8134-70415e53c0ac,wrist.phd,premium,61.25,,high,low,5,name.com,,,28/09/2026 22:18
6e8e4cee-2ef6-4776-8956-7fbd693b36d1,inherit.phd,available,25.98,29.98,high,low,7,namecheap,,,28/09/2026 20:51
d700d5de-72b5-4995-a05d-181036699415,ayin.phd,available,25.98,29.98,high,low,4,namecheap,,,21/09/2026 10:38
2c6cd184-d8ae-438c-af63-2268e3a3b471,coat.phd,premium,198.75,,high,low,4,name.com,,,
d2ab8558-3d59-40b6-a716-d696e1ebbf8f,model.phd,premium,671.92,671.92,high,medium,5,spaceship,,,28/09/2026 02:57
aa786dbf-b017-4265-92d1-b4021e017da1,fruity.phd,available,25.98,29.98,high,low,6,namecheap,,,06/08/2026 21:00
3e78c9bd-ff26-46eb-a9a3-4fada1237788,surplus.phd,premium,61.25,61.25,high,low,7,name.com,,,17/08/2026 16:09
81a2b56c-dd3f-49f2-89af-0f364ba426ae,cacomistle.phd,available,25.98,29.98,medium,low,10,namecheap,,,22/09/2026 12:02
aeafb91b-4078-4b66-93ee-d1347407fc7d,iridium.phd,available,25.98,29.98,high,low,7,namecheap,,,20/09/2026 23:49
826ee23f-3460-4d30-8c9d-c8b0dda6e74f,baptistry.phd,available,25.98,29.98,medium,low,9,namecheap,,,22/09/2026 03:28
3429fba0-3c4e-462e-8c12-2a943a3493d6,internets.phd,available,27,,medium,low,9,unstoppable,,,28/09/2026 02:35
b46b2c2f-ee1c-4241-8b9d-1772922a1e60,anodyne.phd,available,25.98,29.98,medium,low,7,namecheap,,,
382bf791-eeb6-4b33-b0eb-4264584bb4f7,bluntly.phd,available,25.98,29.98,medium,low,7,namecheap,,,14/09/2026 00:39
57be4cec-7c45-44b7-b325-24347aa990b2,murine.phd,available,25.98,29.98,medium,low,6,namecheap,,,03/09/2026 11:04
0649b06c-cdd4-43ca-a24e-ce86003d2894,suspected.phd,available,25.98,29.98,medium,low,9,namecheap,,,11/09/2026 04:53
5dd75e2c-8732-43ec-bc8f-a792d5af3852,comate.phd,available,25.98,29.98,low,low,6,namecheap,,,12/08/2026 18:20
7ccde980-1a53-47ef-ab8c-889c872bdd6b,theocratic.phd,available,25.98,29.98,medium,low,10,namecheap,,,11/09/2026 12:52
fccf5218-e7a7-4b54-bcfb-c00334948ad3,jenny.phd,premium,111.25,,high,low,5,name.com,,,
ebc12a41-7d39-4d0d-b1ab-256a11e5b209,innovate.phd,premium,50.92,50.92,high,low,8,spaceship,,,29/09/2026 02:37
f86746c8-41a8-47b2-92a4-a544348fae4d,atropos.phd,available,25.98,29.98,medium,low,7,namecheap,,,21/09/2026 01:01
cb4ea913-50c3-4ce2-a680-28da3d33d569,domed.phd,available,25.98,29.98,high,low,5,namecheap,,,14/08/2026 15:37
94de4bc3-3b61-4e2c-ba71-8f1863fc5008,runic.phd,available,25.98,29.98,medium,low,5,namecheap,,,09/09/2026 19:35
da0c67dc-8aeb-4d8e-91e4-2b7223b97cd2,subsonic.phd,available,25.98,29.98,high,low,8,namecheap,,,11/09/2026 00:50
94275e1e-3830-48d8-9c61-a4d156fdeda8,akhbari.phd,available,25.98,29.98,medium,low,7,namecheap,,,17/09/2026 23:56
575b22a9-d3d8-46d1-890d-580fd6da06f9,steadily.phd,available,25.98,29.98,medium,low,8,namecheap,,,10/09/2026 19:32
3c13ce8a-6078-4333-bf5b-ad98ac989a87,chichester.phd,available,20.2,20.2,medium,low,10,cloudflare,,,28/09/2026 03:33
1c839750-ed61-4882-9684-dae5497180a7,scapegrace.phd,available,26.99,37.99,medium,low,10,name.com,,,24/09/2026 01:41
084acd57-6a8f-4ec3-b467-a3527f8d6f06,uric.phd,available,25.98,29.98,medium,low,4,namecheap,,,12/09/2026 23:37
9346143b-ed74-4f47-b4ec-67adaae067bc,scanty.phd,available,25.98,29.98,medium,low,6,namecheap,,,09/09/2026 22:38
e30e41dd-f9bd-42c7-a6fb-4b2f6e2a33fa,chomsky.phd,available,25.98,29.98,medium,low,7,namecheap,,,16/09/2026 12:59
0b50ae54-0025-48c7-ba7d-3fc0251b8776,sphingine.phd,available,25.98,29.98,medium,medium,9,namecheap,,,10/09/2026 15:32
8c845c84-a919-48fe-929a-cfbdf7f8b715,reflexed.phd,available,25.98,29.98,high,medium,8,namecheap,,,09/09/2026 12:41
4e747a8c-0d1a-4d37-8dd9-70dc1027e108,rasmussen.phd,available,25.98,29.98,high,low,9,namecheap,,,28/09/2026 06:07
b7c1ce24-6f58-4627-ab8b-c0d6d503bc39,cockup.phd,available,25.98,29.98,medium,low,6,namecheap,,,21/09/2026 23:29
911a4b0b-3b28-4052-b606-ed1cf70243b0,solferino.phd,available,26.99,37.99,medium,low,9,name.com,,,22/09/2026 15:59
3042722d-2b2e-41bd-aee2-943458a5338b,angles.phd,premium,50.92,50.92,medium,low,6,spaceship,,,28/09/2026 16:57
c91cd681-cef3-4b55-a11f-a0446089f94c,won.phd,premium,89.2,,high,low,3,unstoppable,,,28/09/2026 10:43
103da270-d6d1-432d-8a0e-74e228e56fb9,inaugural.phd,available,25.98,29.98,high,low,9,namecheap,,,22/08/2026 00:37
c00baf07-bc1c-4ea6-ae2e-f7d0b0ddac64,inaudible.phd,available,25.98,29.98,medium,low,9,namecheap,,,22/08/2026 00:33
b507f5e0-e700-456d-87c8-6f02d4ee9ad7,clubbish.phd,available,25.98,29.98,low,low,8,namecheap,,,12/08/2026 12:59
205ef4db-b30f-490f-9f23-dea5ff032f0c,polished.phd,available,25.98,29.98,high,low,8,namecheap,,,24/08/2026 23:10
0e62967c-9b95-4a43-ab81-f04027440b20,peoples.phd,premium,89.2,,medium,low,7,unstoppable,,,29/09/2026 01:49
37ce9b99-3468-4a53-a6f7-dfbf00656d41,deer.phd,premium,111.25,111.25,high,low,4,name.com,,,24/09/2026 13:40
3d8562d4-fdb0-4d20-ac10-3037e4616908,maculate.phd,available,25.98,29.98,medium,low,8,namecheap,,,13/08/2026 23:26
8869ab66-9a05-41c6-9f08-ce8208761ede,ratio.phd,premium,115.7,115.7,high,low,5,namecheap,,,28/09/2026 15:13
b3b91f91-0761-44e6-98e5-7567c7e44cee,fitful.phd,available,25.98,29.98,medium,low,6,namecheap,,,18/08/2026 05:45
d9b3c61e-0c7f-4601-bfaf-b4278c1d52c0,goddess.phd,premium,92.32,92.32,high,low,7,spaceship,,,27/09/2026 13:50
e705bc30-281a-4fdc-8dc5-522bbbd4c32a,whittaker.phd,available,27,,medium,low,9,unstoppable,,,28/09/2026 16:41
09709018-3e5a-4511-b369-eb6303dab64e,isle.phd,premium,111.25,,high,low,4,name.com,,,
b00eb0f1-128f-4275-8a34-41fddf11720a,generosity.phd,available,20.84,20.84,high,low,10,spaceship,,,29/09/2026 01:04
f12ff843-0594-4ccb-89f7-ef4bee0aaf44,brutality.phd,available,25.98,29.98,medium,low,9,namecheap,,,22/09/2026 04:26
858da20a-e3d3-43c6-bd4b-b2618dcc8c16,infinite.phd,premium,411.25,411.25,high,medium,8,name.com,,,13/08/2026 03:37
ad56d2d1-dc0d-47be-b2c0-9af5167cd72d,faceted.phd,available,25.98,29.98,medium,low,7,namecheap,,,17/08/2026 20:24
6f3abbf2-58ae-4072-b95c-eb9d8da16e30,conquer.phd,premium,61.25,,high,low,7,name.com,,,
063604cd-6bf4-4173-9e40-ae4f1d64afea,efforts.phd,available,20.84,20.84,medium,low,7,spaceship,,,27/09/2026 22:23
eb268039-7d42-47f6-9a9b-0256ca79c7d4,blink.phd,premium,115.7,115.7,high,medium,5,namecheap,,,22/09/2026 22:02
d6440289-2b94-47f0-9ef6-965f26b6d809,aztecan.phd,available,25.98,29.98,high,low,7,namecheap,,,21/09/2026 11:37
229960a2-620c-4e82-b29b-c443145b8a00,briefly.phd,available,20.2,20.2,high,low,7,cloudflare,,,28/09/2026 13:31
22ca7690-4bf2-4758-bc50-d1db87dd09f4,rightist.phd,available,25.98,29.98,medium,low,8,namecheap,,,09/09/2026 17:31
e7bb6fcc-d3fd-4309-bd55-e0603355885e,unsworn.phd,available,25.98,29.98,medium,low,7,namecheap,,,12/09/2026 20:53
a850b526-fa82-4994-be09-224fbf463e3c,fourthly.phd,available,25.98,29.98,medium,low,8,namecheap,,,18/08/2026 13:50
4eecb747-e85e-49b3-9249-e453621ff2de,inert.phd,available,25.98,29.98,high,low,5,namecheap,,,22/08/2026 03:57
8e86b0d8-9b47-43c9-9392-c767f264ae79,prophecy.phd,available,27,,high,low,8,unstoppable,,,28/09/2026 10:47
1e700386-5eba-494e-9de3-be3e2ef01434,churchly.phd,available,25.98,29.98,medium,low,8,namecheap,,,12/08/2026 07:48
fcab2d39-35ae-4e92-971d-83e1e332510d,implanted.phd,available,25.98,29.98,medium,low,9,namecheap,,,13/08/2026 22:47
5ea649a6-520e-43e1-9551-eb03c93d830e,rules.phd,premium,411.25,,high,low,5,name.com,,,
aa847fc9-da7a-456c-ad8e-1223298e003c,actinidia.phd,available,25.98,29.98,medium,low,9,namecheap,,,17/09/2026 04:47
7f39e883-ed65-41c8-b0d9-e84d40337ebc,reasonable.phd,available,25.98,29.98,high,low,10,namecheap,,,24/09/2026 16:20
d1fc3e78-1297-438d-a0cf-575e7187371b,sweating.phd,available,20.84,20.84,medium,low,8,spaceship,,,28/09/2026 13:54
d66e32e2-9f94-4ec7-bdc6-2283c4a5c7a5,oxidized.phd,available,25.98,29.98,medium,low,8,namecheap,,,04/09/2026 22:25
823c889a-f51f-42c9-a5bc-084a8c2ea890,motto.phd,premium,50.92,50.92,high,low,5,spaceship,,,28/09/2026 13:39
2252ccaa-7cf3-4186-8e91-3d40d0e94914,cardinal.phd,premium,61.25,61.25,high,low,8,name.com,,,11/08/2026 18:54
038b9909-4ba6-4f2e-b2dd-601ac6b9ec7b,recoil.phd,available,25.98,29.98,high,low,6,namecheap,,,21/09/2026 15:32
eacdc603-6e42-4f61-8dbe-f414bea047ff,saxon.phd,available,25.98,29.98,high,low,5,namecheap,,,09/09/2026 22:11
a4d8645f-5446-42c4-bb5e-44735733307c,cfs.phd,premium,97.68,97.68,high,low,3,porkbun,,,29/09/2026 03:24
f3e84587-03f5-45be-999e-fb458b6fae07,dioecious.phd,available,25.98,29.98,medium,low,9,namecheap,,,14/08/2026 08:20
8cb66aef-42ea-43a8-9227-4767a0b9560f,emotions.phd,premium,115.7,115.7,medium,low,8,namecheap,,,27/09/2026 02:04
9b43c1cc-b8ab-4be5-87af-7d54a40ea0f6,scottish.phd,premium,115.7,115.7,high,low,8,namecheap,,,09/09/2026 23:35
078274d0-4d79-4160-9375-b37531db8f2f,thawing.phd,available,25.98,29.98,medium,low,7,namecheap,,,24/08/2026 19:47
f68fe436-a223-43aa-b185-e4819fa5e865,atkins.phd,premium,63.7,63.7,high,low,6,namecheap,,,25/09/2026 17:28
2354245b-ca77-4713-b984-1a5e15791c32,niebuhr.phd,available,25.98,29.98,medium,low,7,namecheap,,,22/09/2026 09:08
2bda1a01-d90c-45b1-8b93-05bc0576159e,eagle.phd,premium,427.7,427.7,high,low,5,namecheap,,,23/09/2026 20:02
de43c184-319e-4cd8-8d3e-d9e03fac9732,bamboo.phd,premium,427.7,427.7,high,medium,6,namecheap,,,22/09/2026 00:40
831a2b73-8c1c-4c63-a925-722a7749bd75,widgeon.phd,available,25.98,29.98,medium,low,7,namecheap,,,19/09/2026 02:58
92e08e4a-2671-4b00-b4da-93f160b65db4,larval.phd,available,25.98,29.98,medium,low,6,namecheap,,,22/08/2026 20:01
c207adcc-84f1-492c-9f42-cb2bc85847ea,grandad.phd,available,26.99,,high,low,7,name.com,,,